{"resolution": 0.78125, "bandwidth": 400, "max_freq": 400, "min_freq": 0, "name": ["Case_A_(+00)_layout_01_white_noise_1", "Case_A_(+00)_layout_01_white_noise_2", "Case_A_(+00)_layout_01_white_noise_3", "Case_A_(+00)_layout_01_white_noise_4", "Case_A_(+00)_layout_01_white_noise_5", "Case_A_(+00)_layout_02_white_noise_1", "Case_A_(+00)_layout_02_white_noise_2", "Case_A_(+00)_layout_02_white_noise_3", "Case_A_(+00)_layout_02_white_noise_4", "Case_A_(+00)_layout_02_white_noise_5", "Case_A_(+05)_layout_01_white_noise_1", "Case_A_(+05)_layout_01_white_noise_2", "Case_A_(+05)_layout_01_white_noise_3", "Case_A_(+05)_layout_01_white_noise_4", "Case_A_(+05)_layout_01_white_noise_5", "Case_A_(+05)_layout_02_white_noise_1", "Case_A_(+05)_layout_02_white_noise_2", "Case_A_(+05)_layout_02_white_noise_3", "Case_A_(+05)_layout_02_white_noise_4", "Case_A_(+05)_layout_02_white_noise_5", "Case_A_(+10)_layout_01_white_noise_1", "Case_A_(+10)_layout_01_white_noise_2", "Case_A_(+10)_layout_01_white_noise_3", "Case_A_(+10)_layout_01_white_noise_4", "Case_A_(+10)_layout_01_white_noise_5", "Case_A_(+10)_layout_02_white_noise_1", "Case_A_(+10)_layout_02_white_noise_2", "Case_A_(+10)_layout_02_white_noise_3", "Case_A_(+10)_layout_02_white_noise_4", "Case_A_(+10)_layout_02_white_noise_5", "Case_A_(+15)_layout_01_white_noise_1", "Case_A_(+15)_layout_01_white_noise_2", "Case_A_(+15)_layout_01_white_noise_3", "Case_A_(+15)_layout_01_white_noise_4", "Case_A_(+15)_layout_01_white_noise_5", "Case_A_(+15)_layout_02_white_noise_1", "Case_A_(+15)_layout_02_white_noise_2", "Case_A_(+15)_layout_02_white_noise_3", "Case_A_(+15)_layout_02_white_noise_4", "Case_A_(+15)_layout_02_white_noise_5", "Case_A_(+20)_layout_01_white_noise_1", "Case_A_(+20)_layout_01_white_noise_2", "Case_A_(+20)_layout_01_white_noise_3", "Case_A_(+20)_layout_01_white_noise_4", "Case_A_(+20)_layout_01_white_noise_5", "Case_A_(+20)_layout_02_white_noise_1", "Case_A_(+20)_layout_02_white_noise_2", "Case_A_(+20)_layout_02_white_noise_3", "Case_A_(+20)_layout_02_white_noise_4", "Case_A_(+20)_layout_02_white_noise_5", "Case_A_(+25)_layout_01_white_noise_1", "Case_A_(+25)_layout_01_white_noise_2", "Case_A_(+25)_layout_01_white_noise_3", "Case_A_(+25)_layout_01_white_noise_4", "Case_A_(+25)_layout_01_white_noise_5", "Case_A_(+25)_layout_02_white_noise_1", "Case_A_(+25)_layout_02_white_noise_2", "Case_A_(+25)_layout_02_white_noise_3", "Case_A_(+25)_layout_02_white_noise_4", "Case_A_(+25)_layout_02_white_noise_5", "Case_A_(+30)_layout_01_white_noise_1", "Case_A_(+30)_layout_01_white_noise_2", "Case_A_(+30)_layout_01_white_noise_3", "Case_A_(+30)_layout_01_white_noise_4", "Case_A_(+30)_layout_01_white_noise_5", "Case_A_(+30)_layout_02_white_noise_1", "Case_A_(+30)_layout_02_white_noise_2", "Case_A_(+30)_layout_02_white_noise_3", "Case_A_(+30)_layout_02_white_noise_4", "Case_A_(+30)_layout_02_white_noise_5", "Case_A_(+35)_layout_01_white_noise_1", "Case_A_(+35)_layout_01_white_noise_2", "Case_A_(+35)_layout_01_white_noise_3", "Case_A_(+35)_layout_01_white_noise_4", "Case_A_(+35)_layout_01_white_noise_5", "Case_A_(+35)_layout_02_white_noise_1", "Case_A_(+35)_layout_02_white_noise_2", "Case_A_(+35)_layout_02_white_noise_3", "Case_A_(+35)_layout_02_white_noise_4", "Case_A_(+35)_layout_02_white_noise_5", "Case_A_(+40)_layout_01_white_noise_1", "Case_A_(+40)_layout_01_white_noise_2", "Case_A_(+40)_layout_01_white_noise_3", "Case_A_(+40)_layout_01_white_noise_4", "Case_A_(+40)_layout_01_white_noise_5", "Case_A_(+40)_layout_02_white_noise_1", "Case_A_(+40)_layout_02_white_noise_2", "Case_A_(+40)_layout_02_white_noise_3", "Case_A_(+40)_layout_02_white_noise_4", "Case_A_(+40)_layout_02_white_noise_5", "Case_A_(-05)_layout_01_white_noise_1", "Case_A_(-05)_layout_01_white_noise_2", "Case_A_(-05)_layout_01_white_noise_3", "Case_A_(-05)_layout_01_white_noise_4", "Case_A_(-05)_layout_01_white_noise_5", "Case_A_(-05)_layout_02_white_noise_1", "Case_A_(-05)_layout_02_white_noise_2", "Case_A_(-05)_layout_02_white_noise_3", "Case_A_(-05)_layout_02_white_noise_4", "Case_A_(-05)_layout_02_white_noise_5", "Case_A_(-10)_layout_01_white_noise_1", "Case_A_(-10)_layout_01_white_noise_2", "Case_A_(-10)_layout_01_white_noise_3", "Case_A_(-10)_layout_01_white_noise_4", "Case_A_(-10)_layout_01_white_noise_5", "Case_A_(-10)_layout_02_white_noise_1", "Case_A_(-10)_layout_02_white_noise_2", "Case_A_(-10)_layout_02_white_noise_3", "Case_A_(-10)_layout_02_white_noise_4", "Case_A_(-10)_layout_02_white_noise_5", "Case_A_(-15)_layout_02_white_noise_1", "Case_A_(-15)_layout_02_white_noise_2", "Case_A_(-15)_layout_02_white_noise_3", "Case_A_(-15)_layout_02_white_noise_4", "Case_A_(-15)_layout_02_white_noise_5", "Case_B_(+00)_layout_01_white_noise_1", "Case_B_(+00)_layout_01_white_noise_2", "Case_B_(+00)_layout_01_white_noise_3", "Case_B_(+00)_layout_01_white_noise_4", "Case_B_(+00)_layout_01_white_noise_5", "Case_B_(+00)_layout_02_white_noise_1", "Case_B_(+00)_layout_02_white_noise_2", "Case_B_(+00)_layout_02_white_noise_3", "Case_B_(+00)_layout_02_white_noise_4", "Case_B_(+00)_layout_02_white_noise_5", "Case_B_(+05)_layout_01_white_noise_1", "Case_B_(+05)_layout_01_white_noise_2", "Case_B_(+05)_layout_01_white_noise_3", "Case_B_(+05)_layout_01_white_noise_4", "Case_B_(+05)_layout_01_white_noise_5", "Case_B_(+05)_layout_02_white_noise_1", "Case_B_(+05)_layout_02_white_noise_2", "Case_B_(+05)_layout_02_white_noise_3", "Case_B_(+05)_layout_02_white_noise_4", "Case_B_(+05)_layout_02_white_noise_5", "Case_B_(+10)_layout_01_white_noise_1", "Case_B_(+10)_layout_01_white_noise_2", "Case_B_(+10)_layout_01_white_noise_3", "Case_B_(+10)_layout_01_white_noise_4", "Case_B_(+10)_layout_01_white_noise_5", "Case_B_(+10)_layout_02_white_noise_1", "Case_B_(+10)_layout_02_white_noise_2", "Case_B_(+10)_layout_02_white_noise_3", "Case_B_(+10)_layout_02_white_noise_4", "Case_B_(+10)_layout_02_white_noise_5", "Case_B_(+15)_layout_01_white_noise_1", "Case_B_(+15)_layout_01_white_noise_2", "Case_B_(+15)_layout_01_white_noise_3", "Case_B_(+15)_layout_01_white_noise_4", "Case_B_(+15)_layout_01_white_noise_5", "Case_B_(+15)_layout_02_white_noise_1", "Case_B_(+15)_layout_02_white_noise_2", "Case_B_(+15)_layout_02_white_noise_3", "Case_B_(+15)_layout_02_white_noise_4", "Case_B_(+15)_layout_02_white_noise_5", "Case_B_(+20)_layout_01_white_noise_1", "Case_B_(+20)_layout_01_white_noise_2", "Case_B_(+20)_layout_01_white_noise_3", "Case_B_(+20)_layout_01_white_noise_4", "Case_B_(+20)_layout_01_white_noise_5", "Case_B_(+20)_layout_02_white_noise_1", "Case_B_(+20)_layout_02_white_noise_2", "Case_B_(+20)_layout_02_white_noise_3", "Case_B_(+20)_layout_02_white_noise_4", "Case_B_(+20)_layout_02_white_noise_5", "Case_B_(+25)_layout_01_white_noise_1", "Case_B_(+25)_layout_01_white_noise_2", "Case_B_(+25)_layout_01_white_noise_3", "Case_B_(+25)_layout_01_white_noise_4", "Case_B_(+25)_layout_01_white_noise_5", "Case_B_(+25)_layout_02_white_noise_1", "Case_B_(+25)_layout_02_white_noise_2", "Case_B_(+25)_layout_02_white_noise_3", "Case_B_(+25)_layout_02_white_noise_4", "Case_B_(+25)_layout_02_white_noise_5", "Case_B_(+30)_layout_01_white_noise_1", "Case_B_(+30)_layout_01_white_noise_2", "Case_B_(+30)_layout_01_white_noise_3", "Case_B_(+30)_layout_01_white_noise_4", "Case_B_(+30)_layout_01_white_noise_5", "Case_B_(+30)_layout_02_white_noise_1", "Case_B_(+30)_layout_02_white_noise_2", "Case_B_(+30)_layout_02_white_noise_3", "Case_B_(+30)_layout_02_white_noise_4", "Case_B_(+30)_layout_02_white_noise_5", "Case_B_(+35)_layout_01_white_noise_1", "Case_B_(+35)_layout_01_white_noise_2", "Case_B_(+35)_layout_01_white_noise_3", "Case_B_(+35)_layout_01_white_noise_4", "Case_B_(+35)_layout_01_white_noise_5", "Case_B_(+35)_layout_02_white_noise_1", "Case_B_(+35)_layout_02_white_noise_2", "Case_B_(+35)_layout_02_white_noise_3", "Case_B_(+35)_layout_02_white_noise_4", "Case_B_(+35)_layout_02_white_noise_5", "Case_B_(+40)_layout_01_white_noise_1", "Case_B_(+40)_layout_01_white_noise_2", "Case_B_(+40)_layout_01_white_noise_3", "Case_B_(+40)_layout_01_white_noise_4", "Case_B_(+40)_layout_01_white_noise_5", "Case_B_(+40)_layout_02_white_noise_1", "Case_B_(+40)_layout_02_white_noise_2", "Case_B_(+40)_layout_02_white_noise_3", "Case_B_(+40)_layout_02_white_noise_4", "Case_B_(+40)_layout_02_white_noise_5", "Case_B_(-05)_layout_01_white_noise_1", "Case_B_(-05)_layout_01_white_noise_2", "Case_B_(-05)_layout_01_white_noise_3", "Case_B_(-05)_layout_01_white_noise_4", "Case_B_(-05)_layout_01_white_noise_5", "Case_B_(-05)_layout_02_white_noise_1", "Case_B_(-05)_layout_02_white_noise_2", "Case_B_(-05)_layout_02_white_noise_3", "Case_B_(-05)_layout_02_white_noise_4", "Case_B_(-05)_layout_02_white_noise_5", "Case_B_(-10)_layout_01_white_noise_1", "Case_B_(-10)_layout_01_white_noise_2", "Case_B_(-10)_layout_01_white_noise_3", "Case_B_(-10)_layout_01_white_noise_4", "Case_B_(-10)_layout_01_white_noise_5", "Case_B_(-10)_layout_02_white_noise_1", "Case_B_(-10)_layout_02_white_noise_2", "Case_B_(-10)_layout_02_white_noise_3", "Case_B_(-10)_layout_02_white_noise_4", "Case_B_(-10)_layout_02_white_noise_5", "Case_B_(-15)_layout_01_white_noise_1", "Case_B_(-15)_layout_01_white_noise_2", "Case_B_(-15)_layout_01_white_noise_3", "Case_B_(-15)_layout_01_white_noise_4", "Case_B_(-15)_layout_01_white_noise_5", "Case_B_(-15)_layout_02_white_noise_1", "Case_B_(-15)_layout_02_white_noise_2", "Case_B_(-15)_layout_02_white_noise_3", "Case_B_(-15)_layout_02_white_noise_4", "Case_B_(-15)_layout_02_white_noise_5", "Case_C_(+00)_layout_01_white_noise_1", "Case_C_(+00)_layout_01_white_noise_2", "Case_C_(+00)_layout_01_white_noise_3", "Case_C_(+00)_layout_01_white_noise_4", "Case_C_(+00)_layout_01_white_noise_5", "Case_C_(+00)_layout_02_white_noise_1", "Case_C_(+00)_layout_02_white_noise_2", "Case_C_(+00)_layout_02_white_noise_3", "Case_C_(+00)_layout_02_white_noise_4", "Case_C_(+00)_layout_02_white_noise_5", "Case_C_(+05)_layout_01_white_noise_1", "Case_C_(+05)_layout_01_white_noise_2", "Case_C_(+05)_layout_01_white_noise_3", "Case_C_(+05)_layout_01_white_noise_4", "Case_C_(+05)_layout_01_white_noise_5", "Case_C_(+05)_layout_02_white_noise_1", "Case_C_(+05)_layout_02_white_noise_2", "Case_C_(+05)_layout_02_white_noise_3", "Case_C_(+05)_layout_02_white_noise_4", "Case_C_(+05)_layout_02_white_noise_5", "Case_C_(+10)_layout_01_white_noise_1", "Case_C_(+10)_layout_01_white_noise_2", "Case_C_(+10)_layout_01_white_noise_3", "Case_C_(+10)_layout_01_white_noise_4", "Case_C_(+10)_layout_01_white_noise_5", "Case_C_(+10)_layout_02_white_noise_1", "Case_C_(+10)_layout_02_white_noise_2", "Case_C_(+10)_layout_02_white_noise_3", "Case_C_(+10)_layout_02_white_noise_4", "Case_C_(+10)_layout_02_white_noise_5", "Case_C_(+15)_layout_01_white_noise_1", "Case_C_(+15)_layout_01_white_noise_2", "Case_C_(+15)_layout_01_white_noise_3", "Case_C_(+15)_layout_01_white_noise_4", "Case_C_(+15)_layout_01_white_noise_5", "Case_C_(+15)_layout_02_white_noise_1", "Case_C_(+15)_layout_02_white_noise_2", "Case_C_(+15)_layout_02_white_noise_3", "Case_C_(+15)_layout_02_white_noise_4", "Case_C_(+15)_layout_02_white_noise_5", "Case_C_(+20)_layout_01_white_noise_1", "Case_C_(+20)_layout_01_white_noise_2", "Case_C_(+20)_layout_01_white_noise_3", "Case_C_(+20)_layout_01_white_noise_4", "Case_C_(+20)_layout_01_white_noise_5", "Case_C_(+20)_layout_02_white_noise_1", "Case_C_(+20)_layout_02_white_noise_2", "Case_C_(+20)_layout_02_white_noise_3", "Case_C_(+20)_layout_02_white_noise_4", "Case_C_(+20)_layout_02_white_noise_5", "Case_C_(+25)_layout_01_white_noise_1", "Case_C_(+25)_layout_01_white_noise_2", "Case_C_(+25)_layout_01_white_noise_3", "Case_C_(+25)_layout_01_white_noise_4", "Case_C_(+25)_layout_01_white_noise_5", "Case_C_(+25)_layout_02_white_noise_1", "Case_C_(+25)_layout_02_white_noise_2", "Case_C_(+25)_layout_02_white_noise_3", "Case_C_(+25)_layout_02_white_noise_4", "Case_C_(+25)_layout_02_white_noise_5", "Case_C_(+30)_layout_01_white_noise_1", "Case_C_(+30)_layout_01_white_noise_2", "Case_C_(+30)_layout_01_white_noise_3", "Case_C_(+30)_layout_01_white_noise_4", "Case_C_(+30)_layout_01_white_noise_5", "Case_C_(+30)_layout_02_white_noise_1", "Case_C_(+30)_layout_02_white_noise_2", "Case_C_(+30)_layout_02_white_noise_3", "Case_C_(+30)_layout_02_white_noise_4", "Case_C_(+30)_layout_02_white_noise_5", "Case_C_(+35)_layout_01_white_noise_1", "Case_C_(+35)_layout_01_white_noise_2", "Case_C_(+35)_layout_01_white_noise_3", "Case_C_(+35)_layout_01_white_noise_4", "Case_C_(+35)_layout_01_white_noise_5", "Case_C_(+35)_layout_02_white_noise_1", "Case_C_(+35)_layout_02_white_noise_2", "Case_C_(+35)_layout_02_white_noise_3", "Case_C_(+35)_layout_02_white_noise_4", "Case_C_(+35)_layout_02_white_noise_5", "Case_C_(+40)_layout_01_white_noise_1", "Case_C_(+40)_layout_01_white_noise_2", "Case_C_(+40)_layout_01_white_noise_3", "Case_C_(+40)_layout_01_white_noise_4", "Case_C_(+40)_layout_01_white_noise_5", "Case_C_(+40)_layout_02_white_noise_1", "Case_C_(+40)_layout_02_white_noise_2", "Case_C_(+40)_layout_02_white_noise_3", "Case_C_(+40)_layout_02_white_noise_4", "Case_C_(+40)_layout_02_white_noise_5", "Case_C_(-05)_layout_01_white_noise_1", "Case_C_(-05)_layout_01_white_noise_2", "Case_C_(-05)_layout_01_white_noise_3", "Case_C_(-05)_layout_01_white_noise_4", "Case_C_(-05)_layout_01_white_noise_5", "Case_C_(-05)_layout_02_white_noise_1", "Case_C_(-05)_layout_02_white_noise_2", "Case_C_(-05)_layout_02_white_noise_3", "Case_C_(-05)_layout_02_white_noise_4", "Case_C_(-05)_layout_02_white_noise_5", "Case_C_(-10)_layout_01_white_noise_1", "Case_C_(-10)_layout_01_white_noise_2", "Case_C_(-10)_layout_01_white_noise_3", "Case_C_(-10)_layout_01_white_noise_4", "Case_C_(-10)_layout_01_white_noise_5", "Case_C_(-10)_layout_02_white_noise_1", "Case_C_(-10)_layout_02_white_noise_2", "Case_C_(-10)_layout_02_white_noise_3", "Case_C_(-10)_layout_02_white_noise_4", "Case_C_(-10)_layout_02_white_noise_5", "Case_C_(-15)_layout_01_white_noise_1", "Case_C_(-15)_layout_01_white_noise_2", "Case_C_(-15)_layout_01_white_noise_3", "Case_C_(-15)_layout_01_white_noise_4", "Case_C_(-15)_layout_01_white_noise_5", "Case_C_(-15)_layout_02_white_noise_1", "Case_C_(-15)_layout_02_white_noise_2", "Case_C_(-15)_layout_02_white_noise_3", "Case_C_(-15)_layout_02_white_noise_4", "Case_C_(-15)_layout_02_white_noise_5", "Case_D_(+00)_layout_01_white_noise_1", "Case_D_(+00)_layout_01_white_noise_2", "Case_D_(+00)_layout_01_white_noise_3", "Case_D_(+00)_layout_01_white_noise_4", "Case_D_(+00)_layout_01_white_noise_5", "Case_D_(+00)_layout_02_white_noise_1", "Case_D_(+00)_layout_02_white_noise_2", "Case_D_(+00)_layout_02_white_noise_3", "Case_D_(+00)_layout_02_white_noise_4", "Case_D_(+00)_layout_02_white_noise_5", "Case_D_(+05)_layout_01_white_noise_1", "Case_D_(+05)_layout_01_white_noise_2", "Case_D_(+05)_layout_01_white_noise_3", "Case_D_(+05)_layout_01_white_noise_4", "Case_D_(+05)_layout_01_white_noise_5", "Case_D_(+05)_layout_02_white_noise_1", "Case_D_(+05)_layout_02_white_noise_2", "Case_D_(+05)_layout_02_white_noise_3", "Case_D_(+05)_layout_02_white_noise_4", "Case_D_(+05)_layout_02_white_noise_5", "Case_D_(+10)_layout_01_white_noise_1", "Case_D_(+10)_layout_01_white_noise_2", "Case_D_(+10)_layout_01_white_noise_3", "Case_D_(+10)_layout_01_white_noise_4", "Case_D_(+10)_layout_01_white_noise_5", "Case_D_(+10)_layout_02_white_noise_1", "Case_D_(+10)_layout_02_white_noise_2", "Case_D_(+10)_layout_02_white_noise_3", "Case_D_(+10)_layout_02_white_noise_4", "Case_D_(+10)_layout_02_white_noise_5", "Case_D_(+15)_layout_01_white_noise_1", "Case_D_(+15)_layout_01_white_noise_2", "Case_D_(+15)_layout_01_white_noise_3", "Case_D_(+15)_layout_01_white_noise_4", "Case_D_(+15)_layout_01_white_noise_5", "Case_D_(+15)_layout_02_white_noise_1", "Case_D_(+15)_layout_02_white_noise_2", "Case_D_(+15)_layout_02_white_noise_3", "Case_D_(+15)_layout_02_white_noise_4", "Case_D_(+15)_layout_02_white_noise_5", "Case_D_(+20)_layout_01_white_noise_1", "Case_D_(+20)_layout_01_white_noise_2", "Case_D_(+20)_layout_01_white_noise_3", "Case_D_(+20)_layout_01_white_noise_4", "Case_D_(+20)_layout_01_white_noise_5", "Case_D_(+20)_layout_02_white_noise_1", "Case_D_(+20)_layout_02_white_noise_2", "Case_D_(+20)_layout_02_white_noise_3", "Case_D_(+20)_layout_02_white_noise_4", "Case_D_(+20)_layout_02_white_noise_5", "Case_D_(+25)_layout_01_white_noise_1", "Case_D_(+25)_layout_01_white_noise_2", "Case_D_(+25)_layout_01_white_noise_3", "Case_D_(+25)_layout_01_white_noise_4", "Case_D_(+25)_layout_01_white_noise_5", "Case_D_(+25)_layout_02_white_noise_1", "Case_D_(+25)_layout_02_white_noise_2", "Case_D_(+25)_layout_02_white_noise_3", "Case_D_(+25)_layout_02_white_noise_4", "Case_D_(+25)_layout_02_white_noise_5", "Case_D_(+30)_layout_01_white_noise_1", "Case_D_(+30)_layout_01_white_noise_2", "Case_D_(+30)_layout_01_white_noise_3", "Case_D_(+30)_layout_01_white_noise_4", "Case_D_(+30)_layout_01_white_noise_5", "Case_D_(+30)_layout_02_white_noise_1", "Case_D_(+30)_layout_02_white_noise_2", "Case_D_(+30)_layout_02_white_noise_3", "Case_D_(+30)_layout_02_white_noise_4", "Case_D_(+30)_layout_02_white_noise_5", "Case_D_(+35)_layout_01_white_noise_1", "Case_D_(+35)_layout_01_white_noise_2", "Case_D_(+35)_layout_01_white_noise_3", "Case_D_(+35)_layout_01_white_noise_4", "Case_D_(+35)_layout_01_white_noise_5", "Case_D_(+35)_layout_02_white_noise_1", "Case_D_(+35)_layout_02_white_noise_2", "Case_D_(+35)_layout_02_white_noise_3", "Case_D_(+35)_layout_02_white_noise_4", "Case_D_(+35)_layout_02_white_noise_5", "Case_D_(+40)_layout_01_white_noise_1", "Case_D_(+40)_layout_01_white_noise_2", "Case_D_(+40)_layout_01_white_noise_3", "Case_D_(+40)_layout_01_white_noise_4", "Case_D_(+40)_layout_01_white_noise_5", "Case_D_(+40)_layout_02_white_noise_1", "Case_D_(+40)_layout_02_white_noise_2", "Case_D_(+40)_layout_02_white_noise_3", "Case_D_(+40)_layout_02_white_noise_4", "Case_D_(+40)_layout_02_white_noise_5", "Case_D_(-05)_layout_01_white_noise_1", "Case_D_(-05)_layout_01_white_noise_2", "Case_D_(-05)_layout_01_white_noise_3", "Case_D_(-05)_layout_01_white_noise_4", "Case_D_(-05)_layout_01_white_noise_5", "Case_D_(-05)_layout_02_white_noise_1", "Case_D_(-05)_layout_02_white_noise_2", "Case_D_(-05)_layout_02_white_noise_3", "Case_D_(-05)_layout_02_white_noise_4", "Case_D_(-05)_layout_02_white_noise_5", "Case_D_(-10)_layout_01_white_noise_1", "Case_D_(-10)_layout_01_white_noise_2", "Case_D_(-10)_layout_01_white_noise_3", "Case_D_(-10)_layout_01_white_noise_4", "Case_D_(-10)_layout_01_white_noise_5", "Case_D_(-10)_layout_02_white_noise_1", "Case_D_(-10)_layout_02_white_noise_2", "Case_D_(-10)_layout_02_white_noise_3", "Case_D_(-10)_layout_02_white_noise_4", "Case_D_(-10)_layout_02_white_noise_5", "Case_D_(-15)_layout_01_white_noise_1", "Case_D_(-15)_layout_01_white_noise_2", "Case_D_(-15)_layout_01_white_noise_3", "Case_D_(-15)_layout_01_white_noise_4", "Case_D_(-15)_layout_01_white_noise_5", "Case_D_(-15)_layout_02_white_noise_1", "Case_D_(-15)_layout_02_white_noise_2", "Case_D_(-15)_layout_02_white_noise_3", "Case_D_(-15)_layout_02_white_noise_4", "Case_D_(-15)_layout_02_white_noise_5", "Case_E_(+00)_layout_01_white_noise_1", "Case_E_(+00)_layout_01_white_noise_2", "Case_E_(+00)_layout_01_white_noise_3", "Case_E_(+00)_layout_01_white_noise_4", "Case_E_(+00)_layout_01_white_noise_5", "Case_E_(+00)_layout_02_white_noise_1", "Case_E_(+00)_layout_02_white_noise_2.1", "Case_E_(+00)_layout_02_white_noise_2.2", "Case_E_(+00)_layout_02_white_noise_3", "Case_E_(+00)_layout_02_white_noise_4", "Case_E_(+00)_layout_02_white_noise_5", "Case_E_(+05)_layout_01_white_noise_1", "Case_E_(+05)_layout_01_white_noise_2.1", "Case_E_(+05)_layout_01_white_noise_2.2", "Case_E_(+05)_layout_01_white_noise_3", "Case_E_(+05)_layout_01_white_noise_4", "Case_E_(+05)_layout_01_white_noise_5", "Case_E_(+05)_layout_02_white_noise_1", "Case_E_(+05)_layout_02_white_noise_2", "Case_E_(+05)_layout_02_white_noise_3.1", "Case_E_(+05)_layout_02_white_noise_3.2", "Case_E_(+05)_layout_02_white_noise_4.1", "Case_E_(+05)_layout_02_white_noise_4.2", "Case_E_(+05)_layout_02_white_noise_5", "Case_E_(+10)_layout_01_white_noise_1", "Case_E_(+10)_layout_01_white_noise_2", "Case_E_(+10)_layout_01_white_noise_3", "Case_E_(+10)_layout_01_white_noise_4", "Case_E_(+10)_layout_01_white_noise_5", "Case_E_(+10)_layout_02_white_noise_1", "Case_E_(+10)_layout_02_white_noise_2", "Case_E_(+10)_layout_02_white_noise_3", "Case_E_(+10)_layout_02_white_noise_4", "Case_E_(+10)_layout_02_white_noise_5.1", "Case_E_(+10)_layout_02_white_noise_5.2", "Case_E_(+15)_layout_01_white_noise_1", "Case_E_(+15)_layout_01_white_noise_2", "Case_E_(+15)_layout_01_white_noise_3", "Case_E_(+15)_layout_01_white_noise_4", "Case_E_(+15)_layout_01_white_noise_5", "Case_E_(+15)_layout_02_white_noise_1.1", "Case_E_(+15)_layout_02_white_noise_1.2", "Case_E_(+15)_layout_02_white_noise_2", "Case_E_(+15)_layout_02_white_noise_3", "Case_E_(+15)_layout_02_white_noise_4.1", "Case_E_(+15)_layout_02_white_noise_4.2", "Case_E_(+15)_layout_02_white_noise_4.3", "Case_E_(+15)_layout_02_white_noise_5", "Case_E_(+20)_layout_01_white_noise_1.1", "Case_E_(+20)_layout_01_white_noise_1.2", "Case_E_(+20)_layout_01_white_noise_2", "Case_E_(+20)_layout_01_white_noise_3", "Case_E_(+20)_layout_01_white_noise_4.1", "Case_E_(+20)_layout_01_white_noise_4.2", "Case_E_(+20)_layout_01_white_noise_5.1", "Case_E_(+20)_layout_01_white_noise_5.2", "Case_E_(+20)_layout_02_white_noise_1", "Case_E_(+20)_layout_02_white_noise_2.1", "Case_E_(+20)_layout_02_white_noise_2.2", "Case_E_(+20)_layout_02_white_noise_3", "Case_E_(+20)_layout_02_white_noise_4", "Case_E_(+20)_layout_02_white_noise_5", "Case_E_(+25)_layout_01_white_noise_1", "Case_E_(+25)_layout_01_white_noise_2", "Case_E_(+25)_layout_01_white_noise_3", "Case_E_(+25)_layout_01_white_noise_4", "Case_E_(+25)_layout_01_white_noise_5", "Case_E_(+25)_layout_02_white_noise_1", "Case_E_(+25)_layout_02_white_noise_2", "Case_E_(+25)_layout_02_white_noise_3", "Case_E_(+25)_layout_02_white_noise_4", "Case_E_(+25)_layout_02_white_noise_5", "Case_E_(+30)_layout_01_white_noise_1.1", "Case_E_(+30)_layout_01_white_noise_1.2", "Case_E_(+30)_layout_01_white_noise_2.1", "Case_E_(+30)_layout_01_white_noise_2.2", "Case_E_(+30)_layout_01_white_noise_3", "Case_E_(+30)_layout_01_white_noise_4", "Case_E_(+30)_layout_01_white_noise_5.1", "Case_E_(+30)_layout_01_white_noise_5.2", "Case_E_(+30)_layout_02_white_noise_1", "Case_E_(+30)_layout_02_white_noise_2.1", "Case_E_(+30)_layout_02_white_noise_2.2", "Case_E_(+30)_layout_02_white_noise_3", "Case_E_(+30)_layout_02_white_noise_4", "Case_E_(+30)_layout_02_white_noise_5", "Case_E_(+35)_layout_01_white_noise_1", "Case_E_(+35)_layout_01_white_noise_2.1", "Case_E_(+35)_layout_01_white_noise_2.2", "Case_E_(+35)_layout_01_white_noise_3", "Case_E_(+35)_layout_01_white_noise_4.1", "Case_E_(+35)_layout_01_white_noise_4.2", "Case_E_(+35)_layout_01_white_noise_5.1", "Case_E_(+35)_layout_01_white_noise_5.2", "Case_E_(+35)_layout_02_white_noise_1", "Case_E_(+35)_layout_02_white_noise_2", "Case_E_(+35)_layout_02_white_noise_3", "Case_E_(+35)_layout_02_white_noise_4.1", "Case_E_(+35)_layout_02_white_noise_4.2", "Case_E_(+35)_layout_02_white_noise_5.1", "Case_E_(+35)_layout_02_white_noise_5.2", "Case_E_(+40)_layout_01_white_noise_1", "Case_E_(+40)_layout_01_white_noise_2", "Case_E_(+40)_layout_01_white_noise_3", "Case_E_(+40)_layout_01_white_noise_4", "Case_E_(+40)_layout_01_white_noise_5", "Case_E_(+40)_layout_02_white_noise_1", "Case_E_(+40)_layout_02_white_noise_2", "Case_E_(+40)_layout_02_white_noise_3", "Case_E_(+40)_layout_02_white_noise_4", "Case_E_(+40)_layout_02_white_noise_5", "Case_E_(-05)_layout_01_white_noise_1.1", "Case_E_(-05)_layout_01_white_noise_1.2", "Case_E_(-05)_layout_01_white_noise_1.3", "Case_E_(-05)_layout_01_white_noise_2", "Case_E_(-05)_layout_01_white_noise_3", "Case_E_(-05)_layout_01_white_noise_4", "Case_E_(-05)_layout_01_white_noise_5", "Case_E_(-05)_layout_02_white_noise_1.1", "Case_E_(-05)_layout_02_white_noise_1.2", "Case_E_(-05)_layout_02_white_noise_2", "Case_E_(-05)_layout_02_white_noise_3.1", "Case_E_(-05)_layout_02_white_noise_3.2", "Case_E_(-05)_layout_02_white_noise_4", "Case_E_(-05)_layout_02_white_noise_5", "Case_E_(-10)_layout_01_white_noise_1", "Case_E_(-10)_layout_01_white_noise_2", "Case_E_(-10)_layout_01_white_noise_3.1", "Case_E_(-10)_layout_01_white_noise_3.2", "Case_E_(-10)_layout_01_white_noise_3.3", "Case_E_(-10)_layout_01_white_noise_3.4", "Case_E_(-10)_layout_01_white_noise_4.1", "Case_E_(-10)_layout_01_white_noise_4.2", "Case_E_(-10)_layout_01_white_noise_5.1", "Case_E_(-10)_layout_01_white_noise_5.2", "Case_E_(-10)_layout_02_white_noise_1", "Case_E_(-10)_layout_02_white_noise_2", "Case_E_(-10)_layout_02_white_noise_3.1", "Case_E_(-10)_layout_02_white_noise_3.2", "Case_E_(-10)_layout_02_white_noise_4", "Case_E_(-10)_layout_02_white_noise_5", "Case_E_(-15)_layout_01_white_noise_1.1", "Case_E_(-15)_layout_01_white_noise_1.2", "Case_E_(-15)_layout_01_white_noise_1.3", "Case_E_(-15)_layout_01_white_noise_2", "Case_E_(-15)_layout_01_white_noise_3.1", "Case_E_(-15)_layout_01_white_noise_3.2", "Case_E_(-15)_layout_01_white_noise_4.1", "Case_E_(-15)_layout_01_white_noise_4.2", "Case_E_(-15)_layout_01_white_noise_4.3", "Case_E_(-15)_layout_01_white_noise_5", "Case_E_(-15)_layout_02_white_noise_1", "Case_E_(-15)_layout_02_white_noise_2", "Case_E_(-15)_layout_02_white_noise_3", "Case_E_(-15)_layout_02_white_noise_4", "Case_E_(-15)_layout_02_white_noise_5", "Case_F_(+00)_layout_01_white_noise_1", "Case_F_(+00)_layout_01_white_noise_2", "Case_F_(+00)_layout_01_white_noise_3", "Case_F_(+00)_layout_01_white_noise_4", "Case_F_(+00)_layout_01_white_noise_5", "Case_F_(+00)_layout_02_white_noise_1", "Case_F_(+00)_layout_02_white_noise_2.1", "Case_F_(+00)_layout_02_white_noise_2.2", "Case_F_(+00)_layout_02_white_noise_2.3", "Case_F_(+00)_layout_02_white_noise_3", "Case_F_(+00)_layout_02_white_noise_4.1", "Case_F_(+00)_layout_02_white_noise_4.2", "Case_F_(+00)_layout_02_white_noise_5", "Case_F_(+05)_layout_01_white_noise_1.1", "Case_F_(+05)_layout_01_white_noise_1.2", "Case_F_(+05)_layout_01_white_noise_2", "Case_F_(+05)_layout_01_white_noise_3", "Case_F_(+05)_layout_01_white_noise_4", "Case_F_(+05)_layout_01_white_noise_5", "Case_F_(+05)_layout_02_white_noise_1", "Case_F_(+05)_layout_02_white_noise_2", "Case_F_(+05)_layout_02_white_noise_3.1", "Case_F_(+05)_layout_02_white_noise_3.2", "Case_F_(+05)_layout_02_white_noise_4", "Case_F_(+05)_layout_02_white_noise_5", "Case_F_(+10)_layout_01_white_noise_.14", "Case_F_(+10)_layout_01_white_noise_1", "Case_F_(+10)_layout_01_white_noise_2", "Case_F_(+10)_layout_01_white_noise_3", "Case_F_(+10)_layout_01_white_noise_4.2", "Case_F_(+10)_layout_01_white_noise_5", "Case_F_(+10)_layout_02_white_noise_1", "Case_F_(+10)_layout_02_white_noise_2", "Case_F_(+10)_layout_02_white_noise_3", "Case_F_(+10)_layout_02_white_noise_4", "Case_F_(+10)_layout_02_white_noise_5", "Case_F_(+15)_layout_01_white_noise_1", "Case_F_(+15)_layout_01_white_noise_2", "Case_F_(+15)_layout_01_white_noise_3", "Case_F_(+15)_layout_01_white_noise_4.1", "Case_F_(+15)_layout_01_white_noise_4.2", "Case_F_(+15)_layout_01_white_noise_5", "Case_F_(+15)_layout_02_white_noise_1", "Case_F_(+15)_layout_02_white_noise_2", "Case_F_(+15)_layout_02_white_noise_3.1", "Case_F_(+15)_layout_02_white_noise_3.2", "Case_F_(+15)_layout_02_white_noise_3.3", "Case_F_(+15)_layout_02_white_noise_4", "Case_F_(+15)_layout_02_white_noise_5", "Case_F_(+20)_layout_01_white_noise_1", "Case_F_(+20)_layout_01_white_noise_2", "Case_F_(+20)_layout_01_white_noise_3", "Case_F_(+20)_layout_01_white_noise_4", "Case_F_(+20)_layout_01_white_noise_5", "Case_F_(+20)_layout_02_white_noise_1", "Case_F_(+20)_layout_02_white_noise_2", "Case_F_(+20)_layout_02_white_noise_3", "Case_F_(+20)_layout_02_white_noise_4", "Case_F_(+20)_layout_02_white_noise_5", "Case_F_(+25)_layout_01_white_noise_1", "Case_F_(+25)_layout_01_white_noise_2", "Case_F_(+25)_layout_01_white_noise_3", "Case_F_(+25)_layout_01_white_noise_4", "Case_F_(+25)_layout_01_white_noise_5", "Case_F_(+25)_layout_02_white_noise_1", "Case_F_(+25)_layout_02_white_noise_2", "Case_F_(+25)_layout_02_white_noise_3", "Case_F_(+25)_layout_02_white_noise_4", "Case_F_(+25)_layout_02_white_noise_5", "Case_F_(+30)_layout_01_white_noise_1.1", "Case_F_(+30)_layout_01_white_noise_1.2", "Case_F_(+30)_layout_01_white_noise_2", "Case_F_(+30)_layout_01_white_noise_3", "Case_F_(+30)_layout_01_white_noise_4", "Case_F_(+30)_layout_01_white_noise_5", "Case_F_(+30)_layout_02_white_noise_1", "Case_F_(+30)_layout_02_white_noise_2", "Case_F_(+30)_layout_02_white_noise_3", "Case_F_(+30)_layout_02_white_noise_4", "Case_F_(+30)_layout_02_white_noise_5.1", "Case_F_(+30)_layout_02_white_noise_5.2", "Case_F_(+35)_layout_01_white_noise_1", "Case_F_(+35)_layout_01_white_noise_2", "Case_F_(+35)_layout_01_white_noise_3.1", "Case_F_(+35)_layout_01_white_noise_3.2", "Case_F_(+35)_layout_01_white_noise_4.1", "Case_F_(+35)_layout_01_white_noise_4.2", "Case_F_(+35)_layout_01_white_noise_5", "Case_F_(+35)_layout_02_white_noise_1", "Case_F_(+35)_layout_02_white_noise_2", "Case_F_(+35)_layout_02_white_noise_3", "Case_F_(+35)_layout_02_white_noise_4", "Case_F_(+35)_layout_02_white_noise_5", "Case_F_(+40)_layout_01_white_noise_1", "Case_F_(+40)_layout_01_white_noise_2", "Case_F_(+40)_layout_01_white_noise_3", "Case_F_(+40)_layout_01_white_noise_4", "Case_F_(+40)_layout_01_white_noise_5", "Case_F_(+40)_layout_02_white_noise_1", "Case_F_(+40)_layout_02_white_noise_2.1", "Case_F_(+40)_layout_02_white_noise_2.2", "Case_F_(+40)_layout_02_white_noise_3", "Case_F_(+40)_layout_02_white_noise_4", "Case_F_(+40)_layout_02_white_noise_5", "Case_F_(-05)_layout_02_white_noise_1", "Case_F_(-05)_layout_02_white_noise_2", "Case_F_(-05)_layout_02_white_noise_3", "Case_F_(-05)_layout_02_white_noise_4", "Case_F_(-05)_layout_02_white_noise_5.1", "Case_F_(-05)_layout_02_white_noise_5.2", "Case_F_(-10)_layout_01_white_noise_1", "Case_F_(-10)_layout_01_white_noise_2", "Case_F_(-10)_layout_01_white_noise_3.1", "Case_F_(-10)_layout_01_white_noise_3.2", "Case_F_(-10)_layout_01_white_noise_4.1", "Case_F_(-10)_layout_01_white_noise_4.2", "Case_F_(-10)_layout_01_white_noise_4.3", "Case_F_(-10)_layout_01_white_noise_5.1", "Case_F_(-10)_layout_01_white_noise_5.2", "Case_F_(-10)_layout_02_white_noise_1.1", "Case_F_(-10)_layout_02_white_noise_1.2", "Case_F_(-10)_layout_02_white_noise_2", "Case_F_(-10)_layout_02_white_noise_3", "Case_F_(-10)_layout_02_white_noise_4", "Case_F_(-10)_layout_02_white_noise_5", "Case_F_(-15)_layout_01_white_noise_1", "Case_F_(-15)_layout_01_white_noise_2", "Case_F_(-15)_layout_01_white_noise_3", "Case_F_(-15)_layout_01_white_noise_4.1", "Case_F_(-15)_layout_01_white_noise_4.2", "Case_F_(-15)_layout_01_white_noise_5.1", "Case_F_(-15)_layout_01_white_noise_5.2", "Case_F_(-15)_layout_02_white_noise_1", "Case_F_(-15)_layout_02_white_noise_2", "Case_F_(-15)_layout_02_white_noise_3", "Case_F_(-15)_layout_02_white_noise_4", "Case_F_(-15)_layout_02_white_noise_5", "Case_G_(+00)_layout_01_white_noise_1", "Case_G_(+00)_layout_01_white_noise_2", "Case_G_(+00)_layout_01_white_noise_3", "Case_G_(+00)_layout_01_white_noise_4", "Case_G_(+00)_layout_01_white_noise_5", "Case_G_(+00)_layout_02_white_noise_1.1", "Case_G_(+00)_layout_02_white_noise_1.2", "Case_G_(+00)_layout_02_white_noise_2", "Case_G_(+00)_layout_02_white_noise_3", "Case_G_(+00)_layout_02_white_noise_4", "Case_G_(+00)_layout_02_white_noise_5", "Case_G_(+05)_layout_01_white_noise_1", "Case_G_(+05)_layout_01_white_noise_2", "Case_G_(+05)_layout_01_white_noise_3", "Case_G_(+05)_layout_01_white_noise_4", "Case_G_(+05)_layout_01_white_noise_5", "Case_G_(+05)_layout_02_white_noise_1", "Case_G_(+05)_layout_02_white_noise_2", "Case_G_(+05)_layout_02_white_noise_3", "Case_G_(+05)_layout_02_white_noise_4", "Case_G_(+05)_layout_02_white_noise_5", "Case_G_(+10)_layout_01_white_noise_1", "Case_G_(+10)_layout_01_white_noise_2", "Case_G_(+10)_layout_01_white_noise_3", "Case_G_(+10)_layout_01_white_noise_4", "Case_G_(+10)_layout_01_white_noise_5", "Case_G_(+10)_layout_02_white_noise_1", "Case_G_(+10)_layout_02_white_noise_2", "Case_G_(+10)_layout_02_white_noise_3", "Case_G_(+10)_layout_02_white_noise_4", "Case_G_(+10)_layout_02_white_noise_5", "Case_G_(+15)_layout_01_white_noise_1", "Case_G_(+15)_layout_01_white_noise_2", "Case_G_(+15)_layout_01_white_noise_3", "Case_G_(+15)_layout_01_white_noise_4", "Case_G_(+15)_layout_01_white_noise_5", "Case_G_(+15)_layout_02_white_noise_1", "Case_G_(+15)_layout_02_white_noise_2", "Case_G_(+15)_layout_02_white_noise_3", "Case_G_(+15)_layout_02_white_noise_4", "Case_G_(+15)_layout_02_white_noise_5", "Case_G_(+20)_layout_01_white_noise_1", "Case_G_(+20)_layout_01_white_noise_2", "Case_G_(+20)_layout_01_white_noise_3.1", "Case_G_(+20)_layout_01_white_noise_3.2", "Case_G_(+20)_layout_01_white_noise_4", "Case_G_(+20)_layout_01_white_noise_5", "Case_G_(+20)_layout_02_white_noise_1", "Case_G_(+20)_layout_02_white_noise_2", "Case_G_(+20)_layout_02_white_noise_3", "Case_G_(+20)_layout_02_white_noise_4", "Case_G_(+20)_layout_02_white_noise_5", "Case_G_(+25)_layout_01_white_noise_1", "Case_G_(+25)_layout_01_white_noise_2", "Case_G_(+25)_layout_01_white_noise_3", "Case_G_(+25)_layout_01_white_noise_4", "Case_G_(+25)_layout_01_white_noise_5", "Case_G_(+25)_layout_02_white_noise_1", "Case_G_(+25)_layout_02_white_noise_2", "Case_G_(+25)_layout_02_white_noise_3", "Case_G_(+25)_layout_02_white_noise_4", "Case_G_(+25)_layout_02_white_noise_5", "Case_G_(+30)_layout_01_white_noise_1", "Case_G_(+30)_layout_01_white_noise_2", "Case_G_(+30)_layout_01_white_noise_3", "Case_G_(+30)_layout_01_white_noise_4.1", "Case_G_(+30)_layout_01_white_noise_4.2", "Case_G_(+30)_layout_01_white_noise_5.1", "Case_G_(+30)_layout_01_white_noise_5.2", "Case_G_(+30)_layout_02_white_noise_1", "Case_G_(+30)_layout_02_white_noise_2.1", "Case_G_(+30)_layout_02_white_noise_2.2", "Case_G_(+30)_layout_02_white_noise_3", "Case_G_(+30)_layout_02_white_noise_4.1", "Case_G_(+30)_layout_02_white_noise_4.2", "Case_G_(+30)_layout_02_white_noise_5", "Case_G_(+35)_layout_01_white_noise_1", "Case_G_(+35)_layout_01_white_noise_2.1", "Case_G_(+35)_layout_01_white_noise_2.2", "Case_G_(+35)_layout_01_white_noise_3", "Case_G_(+35)_layout_01_white_noise_4", "Case_G_(+35)_layout_01_white_noise_5", "Case_G_(+35)_layout_02_white_noise_1", "Case_G_(+35)_layout_02_white_noise_2", "Case_G_(+35)_layout_02_white_noise_3", "Case_G_(+35)_layout_02_white_noise_4", "Case_G_(+35)_layout_02_white_noise_5", "Case_G_(+40)_layout_01_white_noise_1", "Case_G_(+40)_layout_01_white_noise_2", "Case_G_(+40)_layout_01_white_noise_3", "Case_G_(+40)_layout_01_white_noise_4", "Case_G_(+40)_layout_01_white_noise_5", "Case_G_(+40)_layout_02_white_noise_1", "Case_G_(+40)_layout_02_white_noise_2", "Case_G_(+40)_layout_02_white_noise_3.1", "Case_G_(+40)_layout_02_white_noise_3.2", "Case_G_(+40)_layout_02_white_noise_4", "Case_G_(+40)_layout_02_white_noise_5", "Case_G_(-05)_layout_01_white_noise_1", "Case_G_(-05)_layout_01_white_noise_2", "Case_G_(-05)_layout_01_white_noise_3", "Case_G_(-05)_layout_01_white_noise_4", "Case_G_(-05)_layout_01_white_noise_5", "Case_G_(-05)_layout_02_white_noise_1", "Case_G_(-05)_layout_02_white_noise_2", "Case_G_(-05)_layout_02_white_noise_3", "Case_G_(-05)_layout_02_white_noise_4", "Case_G_(-05)_layout_02_white_noise_5", "Case_G_(-10)_layout_01_white_noise_1", "Case_G_(-10)_layout_01_white_noise_2", "Case_G_(-10)_layout_01_white_noise_3", "Case_G_(-10)_layout_01_white_noise_4.1", "Case_G_(-10)_layout_01_white_noise_4.2", "Case_G_(-10)_layout_01_white_noise_5.1", "Case_G_(-10)_layout_01_white_noise_5.2", "Case_G_(-10)_layout_02_white_noise_1", "Case_G_(-10)_layout_02_white_noise_2", "Case_G_(-10)_layout_02_white_noise_3", "Case_G_(-10)_layout_02_white_noise_4", "Case_G_(-10)_layout_02_white_noise_5", "Case_G_(-15)_layout_01_white_noise_1", "Case_G_(-15)_layout_01_white_noise_2", "Case_G_(-15)_layout_01_white_noise_3", "Case_G_(-15)_layout_01_white_noise_4", "Case_G_(-15)_layout_01_white_noise_5.1", "Case_G_(-15)_layout_01_white_noise_5.2", "Case_G_(-15)_layout_02_white_noise_1", "Case_G_(-15)_layout_02_white_noise_2", "Case_G_(-15)_layout_02_white_noise_3", "Case_G_(-15)_layout_02_white_noise_4", "Case_G_(-15)_layout_02_white_noise_5", "Case_H_(+00)_layout_01_white_noise_1", "Case_H_(+00)_layout_01_white_noise_2", "Case_H_(+00)_layout_01_white_noise_3", "Case_H_(+00)_layout_01_white_noise_4", "Case_H_(+00)_layout_01_white_noise_5", "Case_H_(+00)_layout_02_white_noise_1", "Case_H_(+00)_layout_02_white_noise_2", "Case_H_(+00)_layout_02_white_noise_3", "Case_H_(+00)_layout_02_white_noise_4", "Case_H_(+00)_layout_02_white_noise_5", "Case_H_(+05)_layout_01_white_noise_1", "Case_H_(+05)_layout_01_white_noise_2", "Case_H_(+05)_layout_01_white_noise_3", "Case_H_(+05)_layout_01_white_noise_4", "Case_H_(+05)_layout_01_white_noise_5", "Case_H_(+05)_layout_02_white_noise_1", "Case_H_(+05)_layout_02_white_noise_2", "Case_H_(+05)_layout_02_white_noise_3", "Case_H_(+05)_layout_02_white_noise_4", "Case_H_(+05)_layout_02_white_noise_5", "Case_H_(+10)_layout_01_white_noise_1", "Case_H_(+10)_layout_01_white_noise_2", "Case_H_(+10)_layout_01_white_noise_3", "Case_H_(+10)_layout_01_white_noise_4", "Case_H_(+10)_layout_01_white_noise_5", "Case_H_(+10)_layout_02_white_noise_1", "Case_H_(+10)_layout_02_white_noise_2", "Case_H_(+10)_layout_02_white_noise_3", "Case_H_(+10)_layout_02_white_noise_4", "Case_H_(+10)_layout_02_white_noise_5", "Case_H_(+15)_layout_01_white_noise_1", "Case_H_(+15)_layout_01_white_noise_2", "Case_H_(+15)_layout_01_white_noise_3", "Case_H_(+15)_layout_01_white_noise_4", "Case_H_(+15)_layout_01_white_noise_5", "Case_H_(+15)_layout_02_white_noise_1", "Case_H_(+15)_layout_02_white_noise_2", "Case_H_(+15)_layout_02_white_noise_3", "Case_H_(+15)_layout_02_white_noise_4", "Case_H_(+15)_layout_02_white_noise_5", "Case_H_(+20)_layout_01_white_noise_1", "Case_H_(+20)_layout_01_white_noise_2", "Case_H_(+20)_layout_01_white_noise_3", "Case_H_(+20)_layout_01_white_noise_4", "Case_H_(+20)_layout_01_white_noise_5", "Case_H_(+20)_layout_02_white_noise_1", "Case_H_(+20)_layout_02_white_noise_2", "Case_H_(+20)_layout_02_white_noise_3", "Case_H_(+20)_layout_02_white_noise_4", "Case_H_(+20)_layout_02_white_noise_5", "Case_H_(+25)_layout_01_white_noise_1", "Case_H_(+25)_layout_01_white_noise_2", "Case_H_(+25)_layout_01_white_noise_3", "Case_H_(+25)_layout_01_white_noise_4", "Case_H_(+25)_layout_01_white_noise_5", "Case_H_(+25)_layout_02_white_noise_1", "Case_H_(+25)_layout_02_white_noise_2", "Case_H_(+25)_layout_02_white_noise_3", "Case_H_(+25)_layout_02_white_noise_4", "Case_H_(+25)_layout_02_white_noise_5", "Case_H_(+30)_layout_01_white_noise_1", "Case_H_(+30)_layout_01_white_noise_2", "Case_H_(+30)_layout_01_white_noise_3", "Case_H_(+30)_layout_01_white_noise_4", "Case_H_(+30)_layout_01_white_noise_5", "Case_H_(+30)_layout_02_white_noise_1", "Case_H_(+30)_layout_02_white_noise_2", "Case_H_(+30)_layout_02_white_noise_3", "Case_H_(+30)_layout_02_white_noise_4", "Case_H_(+30)_layout_02_white_noise_5", "Case_H_(+35)_layout_01_white_noise_1", "Case_H_(+35)_layout_01_white_noise_2", "Case_H_(+35)_layout_01_white_noise_3", "Case_H_(+35)_layout_01_white_noise_4", "Case_H_(+35)_layout_01_white_noise_5", "Case_H_(+35)_layout_02_white_noise_1", "Case_H_(+35)_layout_02_white_noise_2", "Case_H_(+35)_layout_02_white_noise_3", "Case_H_(+35)_layout_02_white_noise_4", "Case_H_(+35)_layout_02_white_noise_5", "Case_H_(+40)_layout_01_white_noise_1", "Case_H_(+40)_layout_01_white_noise_2", "Case_H_(+40)_layout_01_white_noise_3", "Case_H_(+40)_layout_01_white_noise_4", "Case_H_(+40)_layout_01_white_noise_5", "Case_H_(+40)_layout_02_white_noise_1", "Case_H_(+40)_layout_02_white_noise_2", "Case_H_(+40)_layout_02_white_noise_3", "Case_H_(+40)_layout_02_white_noise_4", "Case_H_(+40)_layout_02_white_noise_5", "Case_H_(-05)_layout_01_white_noise_1", "Case_H_(-05)_layout_01_white_noise_2", "Case_H_(-05)_layout_01_white_noise_3", "Case_H_(-05)_layout_01_white_noise_4", "Case_H_(-05)_layout_01_white_noise_5.1", "Case_H_(-05)_layout_01_white_noise_5.2", "Case_H_(-05)_layout_02_white_noise_1", "Case_H_(-05)_layout_02_white_noise_2", "Case_H_(-05)_layout_02_white_noise_3.1", "Case_H_(-05)_layout_02_white_noise_3.2", "Case_H_(-05)_layout_02_white_noise_4", "Case_H_(-05)_layout_02_white_noise_5", "Case_H_(-10)_layout_01_white_noise_1", "Case_H_(-10)_layout_01_white_noise_3", "Case_H_(-10)_layout_01_white_noise_4", "Case_H_(-10)_layout_01_white_noise_5", "Case_H_(-10)_layout_01_white_noise_s2", "Case_H_(-10)_layout_02_white_noise_1", "Case_H_(-10)_layout_02_white_noise_2", "Case_H_(-10)_layout_02_white_noise_3", "Case_H_(-10)_layout_02_white_noise_4.1", "Case_H_(-10)_layout_02_white_noise_4.2", "Case_H_(-10)_layout_02_white_noise_5", "Case_H_(-15)_layout_01_white_noise_1", "Case_H_(-15)_layout_01_white_noise_2", "Case_H_(-15)_layout_01_white_noise_3", "Case_H_(-15)_layout_01_white_noise_4", "Case_H_(-15)_layout_01_white_noise_5", "Case_H_(-15)_layout_02_white_noise_1", "Case_H_(-15)_layout_02_white_noise_2", "Case_H_(-15)_layout_02_white_noise_3", "Case_H_(-15)_layout_02_white_noise_4", "Case_H_(-15)_layout_02_white_noise_5", "Case_I_(+00)_layout_01_white_noise_1", "Case_I_(+00)_layout_01_white_noise_2", "Case_I_(+00)_layout_01_white_noise_3", "Case_I_(+00)_layout_01_white_noise_4", "Case_I_(+00)_layout_01_white_noise_5", "Case_I_(+00)_layout_02_white_noise_1", "Case_I_(+00)_layout_02_white_noise_2", "Case_I_(+00)_layout_02_white_noise_3", "Case_I_(+00)_layout_02_white_noise_4", "Case_I_(+00)_layout_02_white_noise_5", "Case_I_(+05)_layout_01_white_noise_1", "Case_I_(+05)_layout_01_white_noise_2", "Case_I_(+05)_layout_01_white_noise_3", "Case_I_(+05)_layout_01_white_noise_4", "Case_I_(+05)_layout_01_white_noise_5", "Case_I_(+05)_layout_02_white_noise_1", "Case_I_(+05)_layout_02_white_noise_2", "Case_I_(+05)_layout_02_white_noise_3", "Case_I_(+05)_layout_02_white_noise_4", "Case_I_(+05)_layout_02_white_noise_5", "Case_I_(+10)_layout_01_white_noise_1", "Case_I_(+10)_layout_01_white_noise_2", "Case_I_(+10)_layout_01_white_noise_3", "Case_I_(+10)_layout_01_white_noise_4", "Case_I_(+10)_layout_01_white_noise_5", "Case_I_(+10)_layout_02_white_noise_1", "Case_I_(+10)_layout_02_white_noise_2", "Case_I_(+10)_layout_02_white_noise_3", "Case_I_(+10)_layout_02_white_noise_4", "Case_I_(+10)_layout_02_white_noise_5", "Case_I_(+15)_layout_01_white_noise_1", "Case_I_(+15)_layout_01_white_noise_2", "Case_I_(+15)_layout_01_white_noise_3.1", "Case_I_(+15)_layout_01_white_noise_3.2", "Case_I_(+15)_layout_01_white_noise_4", "Case_I_(+15)_layout_01_white_noise_5", "Case_I_(+15)_layout_02_white_noise_1", "Case_I_(+15)_layout_02_white_noise_2", "Case_I_(+15)_layout_02_white_noise_3", "Case_I_(+15)_layout_02_white_noise_4", "Case_I_(+15)_layout_02_white_noise_5.1", "Case_I_(+15)_layout_02_white_noise_5.2", "Case_I_(+20)_layout_01_white_noise_1", "Case_I_(+20)_layout_01_white_noise_2", "Case_I_(+20)_layout_01_white_noise_3", "Case_I_(+20)_layout_01_white_noise_4", "Case_I_(+20)_layout_01_white_noise_5", "Case_I_(+20)_layout_02_white_noise_1", "Case_I_(+20)_layout_02_white_noise_2", "Case_I_(+20)_layout_02_white_noise_3", "Case_I_(+20)_layout_02_white_noise_4", "Case_I_(+20)_layout_02_white_noise_5", "Case_I_(+25)_layout_01_white_noise_1", "Case_I_(+25)_layout_01_white_noise_2", "Case_I_(+25)_layout_01_white_noise_3", "Case_I_(+25)_layout_01_white_noise_4", "Case_I_(+25)_layout_01_white_noise_5", "Case_I_(+25)_layout_02_white_noise_1", "Case_I_(+25)_layout_02_white_noise_2", "Case_I_(+25)_layout_02_white_noise_3", "Case_I_(+25)_layout_02_white_noise_4", "Case_I_(+25)_layout_02_white_noise_5", "Case_I_(+30)_layout_01_white_noise_1", "Case_I_(+30)_layout_01_white_noise_2", "Case_I_(+30)_layout_01_white_noise_3", "Case_I_(+30)_layout_01_white_noise_4", "Case_I_(+30)_layout_01_white_noise_5.1", "Case_I_(+30)_layout_01_white_noise_5.2", "Case_I_(+30)_layout_02_white_noise_1", "Case_I_(+30)_layout_02_white_noise_2", "Case_I_(+30)_layout_02_white_noise_3", "Case_I_(+30)_layout_02_white_noise_4", "Case_I_(+30)_layout_02_white_noise_5", "Case_I_(+35)_layout_01_white_noise_1", "Case_I_(+35)_layout_01_white_noise_2", "Case_I_(+35)_layout_01_white_noise_3", "Case_I_(+35)_layout_01_white_noise_4", "Case_I_(+35)_layout_01_white_noise_5", "Case_I_(+35)_layout_02_white_noise_1", "Case_I_(+35)_layout_02_white_noise_2", "Case_I_(+35)_layout_02_white_noise_3", "Case_I_(+35)_layout_02_white_noise_4", "Case_I_(+35)_layout_02_white_noise_5", "Case_I_(+40)_layout_01_white_noise_1", "Case_I_(+40)_layout_01_white_noise_2", "Case_I_(+40)_layout_01_white_noise_3", "Case_I_(+40)_layout_01_white_noise_4", "Case_I_(+40)_layout_01_white_noise_5.1", "Case_I_(+40)_layout_01_white_noise_5.2", "Case_I_(+40)_layout_01_white_noise_5.3", "Case_I_(+40)_layout_01_white_noise_5.4", "Case_I_(+40)_layout_02_white_noise_1", "Case_I_(+40)_layout_02_white_noise_2", "Case_I_(+40)_layout_02_white_noise_3", "Case_I_(+40)_layout_02_white_noise_4", "Case_I_(+40)_layout_02_white_noise_5", "Case_I_(-05)_layout_01_white_noise_1", "Case_I_(-05)_layout_01_white_noise_2", "Case_I_(-05)_layout_01_white_noise_3", "Case_I_(-05)_layout_01_white_noise_4", "Case_I_(-05)_layout_01_white_noise_5", "Case_I_(-05)_layout_02_white_noise_1", "Case_I_(-05)_layout_02_white_noise_2", "Case_I_(-05)_layout_02_white_noise_3", "Case_I_(-05)_layout_02_white_noise_4", "Case_I_(-05)_layout_02_white_noise_5", "Case_I_(-10)_layout_01_white_noise_1", "Case_I_(-10)_layout_01_white_noise_2", "Case_I_(-10)_layout_01_white_noise_3", "Case_I_(-10)_layout_01_white_noise_4", "Case_I_(-10)_layout_01_white_noise_5", "Case_I_(-10)_layout_02_white_noise_1", "Case_I_(-10)_layout_02_white_noise_2", "Case_I_(-10)_layout_02_white_noise_3", "Case_I_(-10)_layout_02_white_noise_4", "Case_I_(-10)_layout_02_white_noise_5", "Case_I_(-15)_layout_01_white_noise_1", "Case_I_(-15)_layout_01_white_noise_2", "Case_I_(-15)_layout_01_white_noise_3", "Case_I_(-15)_layout_01_white_noise_4", "Case_I_(-15)_layout_01_white_noise_5", "Case_I_(-15)_layout_02_white_noise_1", "Case_I_(-15)_layout_02_white_noise_2", "Case_I_(-15)_layout_02_white_noise_3", "Case_I_(-15)_layout_02_white_noise_4", "Case_I_(-15)_layout_02_white_noise_5", "Case_J_(+00)_layout_01_white_noise_1", "Case_J_(+00)_layout_01_white_noise_2", "Case_J_(+00)_layout_01_white_noise_3", "Case_J_(+00)_layout_01_white_noise_4", "Case_J_(+00)_layout_01_white_noise_5", "Case_J_(+00)_layout_02_white_noise_1", "Case_J_(+00)_layout_02_white_noise_2", "Case_J_(+00)_layout_02_white_noise_3.1", "Case_J_(+00)_layout_02_white_noise_3.2", "Case_J_(+00)_layout_02_white_noise_3.3", "Case_J_(+00)_layout_02_white_noise_4", "Case_J_(+00)_layout_02_white_noise_5", "Case_J_(+05)_layout_01_white_noise_1", "Case_J_(+05)_layout_01_white_noise_2", "Case_J_(+05)_layout_01_white_noise_3", "Case_J_(+05)_layout_01_white_noise_4", "Case_J_(+05)_layout_01_white_noise_5", "Case_J_(+05)_layout_02_white_noise_1", "Case_J_(+05)_layout_02_white_noise_2", "Case_J_(+05)_layout_02_white_noise_3", "Case_J_(+05)_layout_02_white_noise_4", "Case_J_(+05)_layout_02_white_noise_5", "Case_J_(+10)_layout_01_white_noise_1", "Case_J_(+10)_layout_01_white_noise_2", "Case_J_(+10)_layout_01_white_noise_3", "Case_J_(+10)_layout_01_white_noise_4", "Case_J_(+10)_layout_01_white_noise_5", "Case_J_(+10)_layout_02_white_noise_1", "Case_J_(+10)_layout_02_white_noise_2", "Case_J_(+10)_layout_02_white_noise_3", "Case_J_(+10)_layout_02_white_noise_4", "Case_J_(+10)_layout_02_white_noise_5", "Case_J_(+15)_layout_01_white_noise_1", "Case_J_(+15)_layout_01_white_noise_2", "Case_J_(+15)_layout_01_white_noise_3", "Case_J_(+15)_layout_01_white_noise_4", "Case_J_(+15)_layout_01_white_noise_5", "Case_J_(+15)_layout_02_white_noise_1", "Case_J_(+15)_layout_02_white_noise_2", "Case_J_(+15)_layout_02_white_noise_3", "Case_J_(+15)_layout_02_white_noise_4", "Case_J_(+15)_layout_02_white_noise_5", "Case_J_(+20)_layout_01_white_noise_1", "Case_J_(+20)_layout_01_white_noise_2", "Case_J_(+20)_layout_01_white_noise_3", "Case_J_(+20)_layout_01_white_noise_4", "Case_J_(+20)_layout_01_white_noise_5.1", "Case_J_(+20)_layout_01_white_noise_5.2", "Case_J_(+20)_layout_02_white_noise_1", "Case_J_(+20)_layout_02_white_noise_2", "Case_J_(+20)_layout_02_white_noise_3", "Case_J_(+20)_layout_02_white_noise_4", "Case_J_(+20)_layout_02_white_noise_5", "Case_J_(+25)_layout_01_white_noise_1", "Case_J_(+25)_layout_01_white_noise_2", "Case_J_(+25)_layout_01_white_noise_3", "Case_J_(+25)_layout_01_white_noise_4", "Case_J_(+25)_layout_01_white_noise_5", "Case_J_(+25)_layout_02_white_noise_1", "Case_J_(+25)_layout_02_white_noise_2", "Case_J_(+25)_layout_02_white_noise_3", "Case_J_(+25)_layout_02_white_noise_4", "Case_J_(+25)_layout_02_white_noise_5", "Case_J_(+30)_layout_01_white_noise_1", "Case_J_(+30)_layout_01_white_noise_2", "Case_J_(+30)_layout_01_white_noise_3", "Case_J_(+30)_layout_01_white_noise_4", "Case_J_(+30)_layout_01_white_noise_5", "Case_J_(+30)_layout_02_white_noise_1", "Case_J_(+30)_layout_02_white_noise_2", "Case_J_(+30)_layout_02_white_noise_3", "Case_J_(+30)_layout_02_white_noise_4", "Case_J_(+30)_layout_02_white_noise_5", "Case_J_(+35)_layout_01_white_noise_1.1", "Case_J_(+35)_layout_01_white_noise_1.2", "Case_J_(+35)_layout_01_white_noise_2", "Case_J_(+35)_layout_01_white_noise_3", "Case_J_(+35)_layout_01_white_noise_4", "Case_J_(+35)_layout_01_white_noise_5", "Case_J_(+35)_layout_02_white_noise_1", "Case_J_(+35)_layout_02_white_noise_2", "Case_J_(+35)_layout_02_white_noise_3", "Case_J_(+35)_layout_02_white_noise_4", "Case_J_(+35)_layout_02_white_noise_5", "Case_J_(+40)_layout_01_white_noise_1", "Case_J_(+40)_layout_01_white_noise_2.1", "Case_J_(+40)_layout_01_white_noise_2.2", "Case_J_(+40)_layout_01_white_noise_3", "Case_J_(+40)_layout_01_white_noise_4", "Case_J_(+40)_layout_01_white_noise_5.1", "Case_J_(+40)_layout_01_white_noise_5.2", "Case_J_(+40)_layout_02_white_noise_.11", "Case_J_(+40)_layout_02_white_noise_1.2", "Case_J_(+40)_layout_02_white_noise_2", "Case_J_(+40)_layout_02_white_noise_3", "Case_J_(+40)_layout_02_white_noise_4.1", "Case_J_(+40)_layout_02_white_noise_4.2", "Case_J_(+40)_layout_02_white_noise_5", "Case_J_(-05)_layout_01_white_noise_1", "Case_J_(-05)_layout_01_white_noise_2", "Case_J_(-05)_layout_01_white_noise_3", "Case_J_(-05)_layout_01_white_noise_4", "Case_J_(-05)_layout_01_white_noise_5", "Case_J_(-05)_layout_02_white_noise_1", "Case_J_(-05)_layout_02_white_noise_2.1", "Case_J_(-05)_layout_02_white_noise_2.2", "Case_J_(-05)_layout_02_white_noise_3", "Case_J_(-05)_layout_02_white_noise_4", "Case_J_(-05)_layout_02_white_noise_5", "Case_J_(-10)_layout_01_white_noise_1", "Case_J_(-10)_layout_01_white_noise_2", "Case_J_(-10)_layout_01_white_noise_3", "Case_J_(-10)_layout_01_white_noise_4", "Case_J_(-10)_layout_01_white_noise_5", "Case_J_(-10)_layout_02_white_noise_1", "Case_J_(-10)_layout_02_white_noise_2", "Case_J_(-10)_layout_02_white_noise_3", "Case_J_(-10)_layout_02_white_noise_4", "Case_J_(-10)_layout_02_white_noise_5", "Case_J_(-15)_layout_01_white_noise_1", "Case_J_(-15)_layout_01_white_noise_2", "Case_J_(-15)_layout_01_white_noise_3", "Case_J_(-15)_layout_01_white_noise_4", "Case_J_(-15)_layout_01_white_noise_5", "Case_J_(-15)_layout_02_white_noise_1", "Case_J_(-15)_layout_02_white_noise_2", "Case_J_(-15)_layout_02_white_noise_3", "Case_J_(-15)_layout_02_white_noise_4", "Case_J_(-15)_layout_02_white_noise_5", "Case_K_(+00)_layout_01_white_noise_1", "Case_K_(+00)_layout_01_white_noise_2", "Case_K_(+00)_layout_01_white_noise_3", "Case_K_(+00)_layout_01_white_noise_4", "Case_K_(+00)_layout_01_white_noise_5", "Case_K_(+00)_layout_02_white_noise_1", "Case_K_(+00)_layout_02_white_noise_2", "Case_K_(+00)_layout_02_white_noise_3", "Case_K_(+00)_layout_02_white_noise_4", "Case_K_(+00)_layout_02_white_noise_5", "Case_K_(+05)_layout_01_white_noise_1", "Case_K_(+05)_layout_01_white_noise_2", "Case_K_(+05)_layout_01_white_noise_3", "Case_K_(+05)_layout_01_white_noise_4", "Case_K_(+05)_layout_01_white_noise_5", "Case_K_(+05)_layout_02_white_noise_1.1", "Case_K_(+05)_layout_02_white_noise_1.2", "Case_K_(+05)_layout_02_white_noise_2.1", "Case_K_(+05)_layout_02_white_noise_2.2", "Case_K_(+05)_layout_02_white_noise_3", "Case_K_(+05)_layout_02_white_noise_4", "Case_K_(+05)_layout_02_white_noise_5.1", "Case_K_(+05)_layout_02_white_noise_5.2", "Case_K_(+10)_layout_01_white_noise_1", "Case_K_(+10)_layout_01_white_noise_2", "Case_K_(+10)_layout_01_white_noise_3", "Case_K_(+10)_layout_01_white_noise_4", "Case_K_(+10)_layout_01_white_noise_5", "Case_K_(+10)_layout_02_white_noise_1", "Case_K_(+10)_layout_02_white_noise_2", "Case_K_(+10)_layout_02_white_noise_3", "Case_K_(+10)_layout_02_white_noise_4", "Case_K_(+10)_layout_02_white_noise_5", "Case_K_(+15)_layout_01_white_noise_1", "Case_K_(+15)_layout_01_white_noise_2", "Case_K_(+15)_layout_01_white_noise_3", "Case_K_(+15)_layout_01_white_noise_4", "Case_K_(+15)_layout_01_white_noise_5", "Case_K_(+15)_layout_02_white_noise_1.1", "Case_K_(+15)_layout_02_white_noise_1.2", "Case_K_(+15)_layout_02_white_noise_2", "Case_K_(+15)_layout_02_white_noise_3.1", "Case_K_(+15)_layout_02_white_noise_3.2", "Case_K_(+15)_layout_02_white_noise_4", "Case_K_(+15)_layout_02_white_noise_5", "Case_K_(+20)_layout_01_white_noise_1", "Case_K_(+20)_layout_01_white_noise_2", "Case_K_(+20)_layout_01_white_noise_3", "Case_K_(+20)_layout_01_white_noise_4", "Case_K_(+20)_layout_01_white_noise_5", "Case_K_(+20)_layout_02_white_noise_1", "Case_K_(+20)_layout_02_white_noise_2", "Case_K_(+20)_layout_02_white_noise_3", "Case_K_(+20)_layout_02_white_noise_4", "Case_K_(+20)_layout_02_white_noise_5", "Case_K_(+25)_layout_01_white_noise_", "Case_K_(+25)_layout_01_white_noise_2", "Case_K_(+25)_layout_01_white_noise_3", "Case_K_(+25)_layout_01_white_noise_4", "Case_K_(+25)_layout_01_white_noise_5", "Case_K_(+25)_layout_02_white_noise_1", "Case_K_(+25)_layout_02_white_noise_2.1", "Case_K_(+25)_layout_02_white_noise_2.2", "Case_K_(+25)_layout_02_white_noise_3", "Case_K_(+25)_layout_02_white_noise_4", "Case_K_(+25)_layout_02_white_noise_5", "Case_K_(+30)_layout_01_white_noise_1", "Case_K_(+30)_layout_01_white_noise_2", "Case_K_(+30)_layout_01_white_noise_3", "Case_K_(+30)_layout_01_white_noise_4", "Case_K_(+30)_layout_01_white_noise_5", "Case_K_(+30)_layout_02_white_noise_1", "Case_K_(+30)_layout_02_white_noise_2", "Case_K_(+30)_layout_02_white_noise_3", "Case_K_(+30)_layout_02_white_noise_4", "Case_K_(+30)_layout_02_white_noise_5.1", "Case_K_(+30)_layout_02_white_noise_5.2", "Case_K_(+35)_layout_01_white_noise_1", "Case_K_(+35)_layout_01_white_noise_2", "Case_K_(+35)_layout_01_white_noise_3", "Case_K_(+35)_layout_01_white_noise_4", "Case_K_(+35)_layout_01_white_noise_5", "Case_K_(+35)_layout_02_white_noise_1.1", "Case_K_(+35)_layout_02_white_noise_1.2", "Case_K_(+35)_layout_02_white_noise_2", "Case_K_(+35)_layout_02_white_noise_3.1", "Case_K_(+35)_layout_02_white_noise_3.2", "Case_K_(+35)_layout_02_white_noise_4", "Case_K_(+35)_layout_02_white_noise_5", "Case_K_(+40)_layout_01_white_noise_1", "Case_K_(+40)_layout_01_white_noise_2", "Case_K_(+40)_layout_01_white_noise_3", "Case_K_(+40)_layout_01_white_noise_4", "Case_K_(+40)_layout_01_white_noise_5", "Case_K_(+40)_layout_02_white_noise_1", "Case_K_(+40)_layout_02_white_noise_2", "Case_K_(+40)_layout_02_white_noise_3", "Case_K_(+40)_layout_02_white_noise_4", "Case_K_(+40)_layout_02_white_noise_5", "Case_K_(-05)_layout_01_white_noise_1.1", "Case_K_(-05)_layout_01_white_noise_1.2", "Case_K_(-05)_layout_01_white_noise_2", "Case_K_(-05)_layout_01_white_noise_3", "Case_K_(-05)_layout_01_white_noise_4", "Case_K_(-05)_layout_01_white_noise_5", "Case_K_(-05)_layout_02_white_noise_1", "Case_K_(-05)_layout_02_white_noise_2", "Case_K_(-05)_layout_02_white_noise_3.1", "Case_K_(-05)_layout_02_white_noise_3.2", "Case_K_(-05)_layout_02_white_noise_4", "Case_K_(-05)_layout_02_white_noise_5", "Case_K_(-10)_layout_01_white_noise_1", "Case_K_(-10)_layout_01_white_noise_2", "Case_K_(-10)_layout_01_white_noise_3", "Case_K_(-10)_layout_01_white_noise_4", "Case_K_(-10)_layout_01_white_noise_5", "Case_K_(-10)_layout_02_white_noise_1", "Case_K_(-10)_layout_02_white_noise_2", "Case_K_(-10)_layout_02_white_noise_3", "Case_K_(-10)_layout_02_white_noise_4", "Case_K_(-10)_layout_02_white_noise_5", "Case_K_(-15)_layout_01_white_noise_1", "Case_K_(-15)_layout_01_white_noise_2", "Case_K_(-15)_layout_01_white_noise_3", "Case_K_(-15)_layout_01_white_noise_4", "Case_K_(-15)_layout_01_white_noise_5", "Case_K_(-15)_layout_02_white_noise_1", "Case_K_(-15)_layout_02_white_noise_2", "Case_K_(-15)_layout_02_white_noise_3", "Case_K_(-15)_layout_02_white_noise_4", "Case_K_(-15)_layout_02_white_noise_5", "Case_L_(+00)_layout_01_white_noise_1", "Case_L_(+00)_layout_01_white_noise_2", "Case_L_(+00)_layout_01_white_noise_3", "Case_L_(+00)_layout_01_white_noise_4", "Case_L_(+00)_layout_01_white_noise_5", "Case_L_(+00)_layout_02_white_noise_1", "Case_L_(+00)_layout_02_white_noise_2", "Case_L_(+00)_layout_02_white_noise_3", "Case_L_(+00)_layout_02_white_noise_4", "Case_L_(+00)_layout_02_white_noise_5", "Case_L_(+05)_layout_01_white_noise_1", "Case_L_(+05)_layout_01_white_noise_2", "Case_L_(+05)_layout_01_white_noise_3", "Case_L_(+05)_layout_01_white_noise_4", "Case_L_(+05)_layout_01_white_noise_5", "Case_L_(+05)_layout_02_white_noise_1", "Case_L_(+05)_layout_02_white_noise_2", "Case_L_(+05)_layout_02_white_noise_3", "Case_L_(+05)_layout_02_white_noise_4", "Case_L_(+05)_layout_02_white_noise_5", "Case_L_(+10)_layout_01_white_noise_1", "Case_L_(+10)_layout_01_white_noise_2", "Case_L_(+10)_layout_01_white_noise_3", "Case_L_(+10)_layout_01_white_noise_4", "Case_L_(+10)_layout_01_white_noise_5", "Case_L_(+10)_layout_02_white_noise_1", "Case_L_(+10)_layout_02_white_noise_2", "Case_L_(+10)_layout_02_white_noise_3", "Case_L_(+10)_layout_02_white_noise_4", "Case_L_(+10)_layout_02_white_noise_5", "Case_L_(+15)_layout_01_white_noise_1.1", "Case_L_(+15)_layout_01_white_noise_1.2", "Case_L_(+15)_layout_01_white_noise_2", "Case_L_(+15)_layout_01_white_noise_3", "Case_L_(+15)_layout_01_white_noise_4.1", "Case_L_(+15)_layout_01_white_noise_4.2", "Case_L_(+15)_layout_01_white_noise_5", "Case_L_(+15)_layout_02_white_noise_1", "Case_L_(+15)_layout_02_white_noise_2", "Case_L_(+15)_layout_02_white_noise_3", "Case_L_(+15)_layout_02_white_noise_4", "Case_L_(+15)_layout_02_white_noise_5", "Case_L_(+20)_layout_01_white_noise_1", "Case_L_(+20)_layout_01_white_noise_2", "Case_L_(+20)_layout_01_white_noise_3", "Case_L_(+20)_layout_01_white_noise_4", "Case_L_(+20)_layout_01_white_noise_5", "Case_L_(+20)_layout_02_white_noise_1.1", "Case_L_(+20)_layout_02_white_noise_1.2", "Case_L_(+20)_layout_02_white_noise_2", "Case_L_(+20)_layout_02_white_noise_3", "Case_L_(+20)_layout_02_white_noise_4", "Case_L_(+20)_layout_02_white_noise_5", "Case_L_(+25)_layout_01_white_noise_1", "Case_L_(+25)_layout_01_white_noise_2", "Case_L_(+25)_layout_01_white_noise_3", "Case_L_(+25)_layout_01_white_noise_4", "Case_L_(+25)_layout_01_white_noise_5.1", "Case_L_(+25)_layout_01_white_noise_5.2", "Case_L_(+25)_layout_02_white_noise_1", "Case_L_(+25)_layout_02_white_noise_2", "Case_L_(+25)_layout_02_white_noise_3", "Case_L_(+25)_layout_02_white_noise_4", "Case_L_(+25)_layout_02_white_noise_5", "Case_L_(+30)_layout_01_white_noise_1", "Case_L_(+30)_layout_01_white_noise_2", "Case_L_(+30)_layout_01_white_noise_3", "Case_L_(+30)_layout_01_white_noise_4", "Case_L_(+30)_layout_01_white_noise_5", "Case_L_(+30)_layout_02_white_noise_1.1", "Case_L_(+30)_layout_02_white_noise_1.2", "Case_L_(+30)_layout_02_white_noise_1.3", "Case_L_(+30)_layout_02_white_noise_2", "Case_L_(+30)_layout_02_white_noise_3", "Case_L_(+30)_layout_02_white_noise_4", "Case_L_(+30)_layout_02_white_noise_5", "Case_L_(+35)_layout_01_white_noise_1", "Case_L_(+35)_layout_01_white_noise_2", "Case_L_(+35)_layout_01_white_noise_3", "Case_L_(+35)_layout_01_white_noise_4", "Case_L_(+35)_layout_01_white_noise_5", "Case_L_(+35)_layout_02_white_noise_1", "Case_L_(+35)_layout_02_white_noise_2", "Case_L_(+35)_layout_02_white_noise_3", "Case_L_(+35)_layout_02_white_noise_4", "Case_L_(+35)_layout_02_white_noise_5", "Case_L_(+40)_layout_01_white_noise_1", "Case_L_(+40)_layout_01_white_noise_2", "Case_L_(+40)_layout_01_white_noise_3", "Case_L_(+40)_layout_01_white_noise_4", "Case_L_(+40)_layout_01_white_noise_5", "Case_L_(+40)_layout_02_white_noise_1", "Case_L_(+40)_layout_02_white_noise_2", "Case_L_(+40)_layout_02_white_noise_3", "Case_L_(+40)_layout_02_white_noise_4", "Case_L_(+40)_layout_02_white_noise_5", "Case_L_(-05)_layout_01_white_noise_1", "Case_L_(-05)_layout_01_white_noise_2", "Case_L_(-05)_layout_01_white_noise_3", "Case_L_(-05)_layout_01_white_noise_4", "Case_L_(-05)_layout_01_white_noise_5", "Case_L_(-05)_layout_02_white_noise_1", "Case_L_(-05)_layout_02_white_noise_2", "Case_L_(-05)_layout_02_white_noise_3", "Case_L_(-05)_layout_02_white_noise_4", "Case_L_(-05)_layout_02_white_noise_5", "Case_L_(-10)_layout_01_white_noise_1", "Case_L_(-10)_layout_01_white_noise_2", "Case_L_(-10)_layout_01_white_noise_3", "Case_L_(-10)_layout_01_white_noise_4", "Case_L_(-10)_layout_01_white_noise_5", "Case_L_(-10)_layout_02_white_noise_1", "Case_L_(-10)_layout_02_white_noise_2", "Case_L_(-10)_layout_02_white_noise_3", "Case_L_(-10)_layout_02_white_noise_4", "Case_L_(-10)_layout_02_white_noise_5", "Case_L_(-15)_layout_01_white_noise_1", "Case_L_(-15)_layout_01_white_noise_2", "Case_L_(-15)_layout_01_white_noise_3", "Case_L_(-15)_layout_01_white_noise_4", "Case_L_(-15)_layout_01_white_noise_5", "Case_L_(-15)_layout_02_white_noise_1", "Case_L_(-15)_layout_02_white_noise_2", "Case_L_(-15)_layout_02_white_noise_3", "Case_L_(-15)_layout_02_white_noise_4", "Case_L_(-15)_layout_02_white_noise_5.1", "Case_L_(-15)_layout_02_white_noise_5.2", "Case_R_(+00)_layout_01_white_noise_1", "Case_R_(+00)_layout_01_white_noise_10", "Case_R_(+00)_layout_01_white_noise_11", "Case_R_(+00)_layout_01_white_noise_12", "Case_R_(+00)_layout_01_white_noise_13", "Case_R_(+00)_layout_01_white_noise_14", "Case_R_(+00)_layout_01_white_noise_15", "Case_R_(+00)_layout_01_white_noise_16", "Case_R_(+00)_layout_01_white_noise_17", "Case_R_(+00)_layout_01_white_noise_18", "Case_R_(+00)_layout_01_white_noise_19", "Case_R_(+00)_layout_01_white_noise_2", "Case_R_(+00)_layout_01_white_noise_20", "Case_R_(+00)_layout_01_white_noise_3", "Case_R_(+00)_layout_01_white_noise_4", "Case_R_(+00)_layout_01_white_noise_5", "Case_R_(+00)_layout_01_white_noise_6", "Case_R_(+00)_layout_01_white_noise_7", "Case_R_(+00)_layout_01_white_noise_8", "Case_R_(+00)_layout_01_white_noise_9", "Case_R_(+00)_layout_02_white_noise_1", "Case_R_(+00)_layout_02_white_noise_10", "Case_R_(+00)_layout_02_white_noise_11", "Case_R_(+00)_layout_02_white_noise_12", "Case_R_(+00)_layout_02_white_noise_13", "Case_R_(+00)_layout_02_white_noise_14", "Case_R_(+00)_layout_02_white_noise_15", "Case_R_(+00)_layout_02_white_noise_16", "Case_R_(+00)_layout_02_white_noise_17", "Case_R_(+00)_layout_02_white_noise_18", "Case_R_(+00)_layout_02_white_noise_19", "Case_R_(+00)_layout_02_white_noise_2", "Case_R_(+00)_layout_02_white_noise_20", "Case_R_(+00)_layout_02_white_noise_3", "Case_R_(+00)_layout_02_white_noise_4", "Case_R_(+00)_layout_02_white_noise_5", "Case_R_(+00)_layout_02_white_noise_6", "Case_R_(+00)_layout_02_white_noise_7", "Case_R_(+00)_layout_02_white_noise_8", "Case_R_(+00)_layout_02_white_noise_9", "Case_R_(+05)_layout_01_white_noise_1", "Case_R_(+05)_layout_01_white_noise_10", "Case_R_(+05)_layout_01_white_noise_11", "Case_R_(+05)_layout_01_white_noise_12", "Case_R_(+05)_layout_01_white_noise_13", "Case_R_(+05)_layout_01_white_noise_14", "Case_R_(+05)_layout_01_white_noise_15", "Case_R_(+05)_layout_01_white_noise_16", "Case_R_(+05)_layout_01_white_noise_17", "Case_R_(+05)_layout_01_white_noise_18", "Case_R_(+05)_layout_01_white_noise_19", "Case_R_(+05)_layout_01_white_noise_2", "Case_R_(+05)_layout_01_white_noise_20", "Case_R_(+05)_layout_01_white_noise_3", "Case_R_(+05)_layout_01_white_noise_4", "Case_R_(+05)_layout_01_white_noise_5", "Case_R_(+05)_layout_01_white_noise_6", "Case_R_(+05)_layout_01_white_noise_7", "Case_R_(+05)_layout_01_white_noise_8", "Case_R_(+05)_layout_01_white_noise_9", "Case_R_(+05)_layout_02_white_noise_1", "Case_R_(+05)_layout_02_white_noise_10", "Case_R_(+05)_layout_02_white_noise_11", "Case_R_(+05)_layout_02_white_noise_12", "Case_R_(+05)_layout_02_white_noise_13", "Case_R_(+05)_layout_02_white_noise_14", "Case_R_(+05)_layout_02_white_noise_15", "Case_R_(+05)_layout_02_white_noise_16", "Case_R_(+05)_layout_02_white_noise_17", "Case_R_(+05)_layout_02_white_noise_18", "Case_R_(+05)_layout_02_white_noise_19", "Case_R_(+05)_layout_02_white_noise_2", "Case_R_(+05)_layout_02_white_noise_20", "Case_R_(+05)_layout_02_white_noise_3", "Case_R_(+05)_layout_02_white_noise_4", "Case_R_(+05)_layout_02_white_noise_5", "Case_R_(+05)_layout_02_white_noise_6", "Case_R_(+05)_layout_02_white_noise_7", "Case_R_(+05)_layout_02_white_noise_8", "Case_R_(+05)_layout_02_white_noise_9", "Case_R_(+10)_layout_01_white_noise_1", "Case_R_(+10)_layout_01_white_noise_10", "Case_R_(+10)_layout_01_white_noise_11", "Case_R_(+10)_layout_01_white_noise_12", "Case_R_(+10)_layout_01_white_noise_13", "Case_R_(+10)_layout_01_white_noise_14", "Case_R_(+10)_layout_01_white_noise_15", "Case_R_(+10)_layout_01_white_noise_16", "Case_R_(+10)_layout_01_white_noise_17", "Case_R_(+10)_layout_01_white_noise_18", "Case_R_(+10)_layout_01_white_noise_19", "Case_R_(+10)_layout_01_white_noise_2", "Case_R_(+10)_layout_01_white_noise_20", "Case_R_(+10)_layout_01_white_noise_3", "Case_R_(+10)_layout_01_white_noise_4", "Case_R_(+10)_layout_01_white_noise_5", "Case_R_(+10)_layout_01_white_noise_6", "Case_R_(+10)_layout_01_white_noise_7", "Case_R_(+10)_layout_01_white_noise_8", "Case_R_(+10)_layout_01_white_noise_9", "Case_R_(+10)_layout_02_white_noise_1", "Case_R_(+10)_layout_02_white_noise_10", "Case_R_(+10)_layout_02_white_noise_11", "Case_R_(+10)_layout_02_white_noise_12", "Case_R_(+10)_layout_02_white_noise_13", "Case_R_(+10)_layout_02_white_noise_14", "Case_R_(+10)_layout_02_white_noise_15", "Case_R_(+10)_layout_02_white_noise_16", "Case_R_(+10)_layout_02_white_noise_17", "Case_R_(+10)_layout_02_white_noise_18", "Case_R_(+10)_layout_02_white_noise_19", "Case_R_(+10)_layout_02_white_noise_2", "Case_R_(+10)_layout_02_white_noise_20", "Case_R_(+10)_layout_02_white_noise_3", "Case_R_(+10)_layout_02_white_noise_4", "Case_R_(+10)_layout_02_white_noise_5", "Case_R_(+10)_layout_02_white_noise_6", "Case_R_(+10)_layout_02_white_noise_7", "Case_R_(+10)_layout_02_white_noise_8", "Case_R_(+10)_layout_02_white_noise_9", "Case_R_(+15)_layout_01_white_noise_1", "Case_R_(+15)_layout_01_white_noise_10", "Case_R_(+15)_layout_01_white_noise_11", "Case_R_(+15)_layout_01_white_noise_12", "Case_R_(+15)_layout_01_white_noise_13", "Case_R_(+15)_layout_01_white_noise_14", "Case_R_(+15)_layout_01_white_noise_15", "Case_R_(+15)_layout_01_white_noise_16", "Case_R_(+15)_layout_01_white_noise_17", "Case_R_(+15)_layout_01_white_noise_18", "Case_R_(+15)_layout_01_white_noise_19", "Case_R_(+15)_layout_01_white_noise_2", "Case_R_(+15)_layout_01_white_noise_20", "Case_R_(+15)_layout_01_white_noise_3", "Case_R_(+15)_layout_01_white_noise_4", "Case_R_(+15)_layout_01_white_noise_5", "Case_R_(+15)_layout_01_white_noise_6", "Case_R_(+15)_layout_01_white_noise_7", "Case_R_(+15)_layout_01_white_noise_8", "Case_R_(+15)_layout_01_white_noise_9", "Case_R_(+15)_layout_02_white_noise_1", "Case_R_(+15)_layout_02_white_noise_10", "Case_R_(+15)_layout_02_white_noise_11", "Case_R_(+15)_layout_02_white_noise_12", "Case_R_(+15)_layout_02_white_noise_13", "Case_R_(+15)_layout_02_white_noise_14", "Case_R_(+15)_layout_02_white_noise_15", "Case_R_(+15)_layout_02_white_noise_16", "Case_R_(+15)_layout_02_white_noise_17", "Case_R_(+15)_layout_02_white_noise_18", "Case_R_(+15)_layout_02_white_noise_19", "Case_R_(+15)_layout_02_white_noise_2", "Case_R_(+15)_layout_02_white_noise_20", "Case_R_(+15)_layout_02_white_noise_3", "Case_R_(+15)_layout_02_white_noise_4", "Case_R_(+15)_layout_02_white_noise_5", "Case_R_(+15)_layout_02_white_noise_6", "Case_R_(+15)_layout_02_white_noise_7", "Case_R_(+15)_layout_02_white_noise_8", "Case_R_(+15)_layout_02_white_noise_9", "Case_R_(+20)_layout_01_white_noise_1", "Case_R_(+20)_layout_01_white_noise_10", "Case_R_(+20)_layout_01_white_noise_11", "Case_R_(+20)_layout_01_white_noise_12", "Case_R_(+20)_layout_01_white_noise_13", "Case_R_(+20)_layout_01_white_noise_14", "Case_R_(+20)_layout_01_white_noise_15", "Case_R_(+20)_layout_01_white_noise_16", "Case_R_(+20)_layout_01_white_noise_17", "Case_R_(+20)_layout_01_white_noise_18", "Case_R_(+20)_layout_01_white_noise_19", "Case_R_(+20)_layout_01_white_noise_2", "Case_R_(+20)_layout_01_white_noise_20", "Case_R_(+20)_layout_01_white_noise_3", "Case_R_(+20)_layout_01_white_noise_4", "Case_R_(+20)_layout_01_white_noise_5", "Case_R_(+20)_layout_01_white_noise_6", "Case_R_(+20)_layout_01_white_noise_7", "Case_R_(+20)_layout_01_white_noise_8", "Case_R_(+20)_layout_01_white_noise_9", "Case_R_(+20)_layout_02_white_noise_1", "Case_R_(+20)_layout_02_white_noise_10", "Case_R_(+20)_layout_02_white_noise_11", "Case_R_(+20)_layout_02_white_noise_12", "Case_R_(+20)_layout_02_white_noise_13", "Case_R_(+20)_layout_02_white_noise_14", "Case_R_(+20)_layout_02_white_noise_15", "Case_R_(+20)_layout_02_white_noise_16", "Case_R_(+20)_layout_02_white_noise_17", "Case_R_(+20)_layout_02_white_noise_18", "Case_R_(+20)_layout_02_white_noise_19", "Case_R_(+20)_layout_02_white_noise_2", "Case_R_(+20)_layout_02_white_noise_20", "Case_R_(+20)_layout_02_white_noise_3", "Case_R_(+20)_layout_02_white_noise_4", "Case_R_(+20)_layout_02_white_noise_5", "Case_R_(+20)_layout_02_white_noise_6", "Case_R_(+20)_layout_02_white_noise_7", "Case_R_(+20)_layout_02_white_noise_8", "Case_R_(+20)_layout_02_white_noise_9", "Case_R_(+25)_layout_01_white_noise_1", "Case_R_(+25)_layout_01_white_noise_10", "Case_R_(+25)_layout_01_white_noise_11", "Case_R_(+25)_layout_01_white_noise_12", "Case_R_(+25)_layout_01_white_noise_13", "Case_R_(+25)_layout_01_white_noise_14", "Case_R_(+25)_layout_01_white_noise_15", "Case_R_(+25)_layout_01_white_noise_16", "Case_R_(+25)_layout_01_white_noise_17", "Case_R_(+25)_layout_01_white_noise_18", "Case_R_(+25)_layout_01_white_noise_19", "Case_R_(+25)_layout_01_white_noise_2", "Case_R_(+25)_layout_01_white_noise_20", "Case_R_(+25)_layout_01_white_noise_3", "Case_R_(+25)_layout_01_white_noise_4", "Case_R_(+25)_layout_01_white_noise_5", "Case_R_(+25)_layout_01_white_noise_6", "Case_R_(+25)_layout_01_white_noise_7", "Case_R_(+25)_layout_01_white_noise_8", "Case_R_(+25)_layout_01_white_noise_9", "Case_R_(+25)_layout_02_white_noise_1", "Case_R_(+25)_layout_02_white_noise_10", "Case_R_(+25)_layout_02_white_noise_11", "Case_R_(+25)_layout_02_white_noise_12", "Case_R_(+25)_layout_02_white_noise_13", "Case_R_(+25)_layout_02_white_noise_14", "Case_R_(+25)_layout_02_white_noise_15", "Case_R_(+25)_layout_02_white_noise_16", "Case_R_(+25)_layout_02_white_noise_17", "Case_R_(+25)_layout_02_white_noise_18", "Case_R_(+25)_layout_02_white_noise_19", "Case_R_(+25)_layout_02_white_noise_2", "Case_R_(+25)_layout_02_white_noise_20", "Case_R_(+25)_layout_02_white_noise_3", "Case_R_(+25)_layout_02_white_noise_4", "Case_R_(+25)_layout_02_white_noise_5", "Case_R_(+25)_layout_02_white_noise_6", "Case_R_(+25)_layout_02_white_noise_7", "Case_R_(+25)_layout_02_white_noise_8", "Case_R_(+25)_layout_02_white_noise_9", "Case_R_(+30)_layout_01_white_noise_1", "Case_R_(+30)_layout_01_white_noise_10", "Case_R_(+30)_layout_01_white_noise_11", "Case_R_(+30)_layout_01_white_noise_12", "Case_R_(+30)_layout_01_white_noise_13", "Case_R_(+30)_layout_01_white_noise_14", "Case_R_(+30)_layout_01_white_noise_15", "Case_R_(+30)_layout_01_white_noise_16", "Case_R_(+30)_layout_01_white_noise_17", "Case_R_(+30)_layout_01_white_noise_18", "Case_R_(+30)_layout_01_white_noise_19", "Case_R_(+30)_layout_01_white_noise_2", "Case_R_(+30)_layout_01_white_noise_20", "Case_R_(+30)_layout_01_white_noise_3", "Case_R_(+30)_layout_01_white_noise_4", "Case_R_(+30)_layout_01_white_noise_5", "Case_R_(+30)_layout_01_white_noise_6", "Case_R_(+30)_layout_01_white_noise_7", "Case_R_(+30)_layout_01_white_noise_8", "Case_R_(+30)_layout_01_white_noise_9", "Case_R_(+30)_layout_02_white_noise_1", "Case_R_(+30)_layout_02_white_noise_10", "Case_R_(+30)_layout_02_white_noise_11", "Case_R_(+30)_layout_02_white_noise_12", "Case_R_(+30)_layout_02_white_noise_13", "Case_R_(+30)_layout_02_white_noise_14", "Case_R_(+30)_layout_02_white_noise_15", "Case_R_(+30)_layout_02_white_noise_16", "Case_R_(+30)_layout_02_white_noise_17", "Case_R_(+30)_layout_02_white_noise_18", "Case_R_(+30)_layout_02_white_noise_19", "Case_R_(+30)_layout_02_white_noise_2", "Case_R_(+30)_layout_02_white_noise_20", "Case_R_(+30)_layout_02_white_noise_3", "Case_R_(+30)_layout_02_white_noise_4", "Case_R_(+30)_layout_02_white_noise_5", "Case_R_(+30)_layout_02_white_noise_6", "Case_R_(+30)_layout_02_white_noise_7", "Case_R_(+30)_layout_02_white_noise_8", "Case_R_(+30)_layout_02_white_noise_9", "Case_R_(+35)_layout_01_white_noise_1", "Case_R_(+35)_layout_01_white_noise_10", "Case_R_(+35)_layout_01_white_noise_11", "Case_R_(+35)_layout_01_white_noise_12", "Case_R_(+35)_layout_01_white_noise_13", "Case_R_(+35)_layout_01_white_noise_14", "Case_R_(+35)_layout_01_white_noise_15", "Case_R_(+35)_layout_01_white_noise_16", "Case_R_(+35)_layout_01_white_noise_17", "Case_R_(+35)_layout_01_white_noise_18", "Case_R_(+35)_layout_01_white_noise_19", "Case_R_(+35)_layout_01_white_noise_2", "Case_R_(+35)_layout_01_white_noise_20", "Case_R_(+35)_layout_01_white_noise_3", "Case_R_(+35)_layout_01_white_noise_4", "Case_R_(+35)_layout_01_white_noise_5", "Case_R_(+35)_layout_01_white_noise_6", "Case_R_(+35)_layout_01_white_noise_7", "Case_R_(+35)_layout_01_white_noise_8", "Case_R_(+35)_layout_01_white_noise_9", "Case_R_(+35)_layout_02_white_noise_1", "Case_R_(+35)_layout_02_white_noise_10", "Case_R_(+35)_layout_02_white_noise_11", "Case_R_(+35)_layout_02_white_noise_12", "Case_R_(+35)_layout_02_white_noise_13", "Case_R_(+35)_layout_02_white_noise_14", "Case_R_(+35)_layout_02_white_noise_15", "Case_R_(+35)_layout_02_white_noise_16", "Case_R_(+35)_layout_02_white_noise_17", "Case_R_(+35)_layout_02_white_noise_18", "Case_R_(+35)_layout_02_white_noise_19", "Case_R_(+35)_layout_02_white_noise_2", "Case_R_(+35)_layout_02_white_noise_20", "Case_R_(+35)_layout_02_white_noise_3", "Case_R_(+35)_layout_02_white_noise_4", "Case_R_(+35)_layout_02_white_noise_5", "Case_R_(+35)_layout_02_white_noise_6", "Case_R_(+35)_layout_02_white_noise_7", "Case_R_(+35)_layout_02_white_noise_8", "Case_R_(+35)_layout_02_white_noise_9", "Case_R_(+40)_layout_01_white_noise_1", "Case_R_(+40)_layout_01_white_noise_10", "Case_R_(+40)_layout_01_white_noise_11", "Case_R_(+40)_layout_01_white_noise_12", "Case_R_(+40)_layout_01_white_noise_13", "Case_R_(+40)_layout_01_white_noise_14", "Case_R_(+40)_layout_01_white_noise_15", "Case_R_(+40)_layout_01_white_noise_16", "Case_R_(+40)_layout_01_white_noise_17", "Case_R_(+40)_layout_01_white_noise_18", "Case_R_(+40)_layout_01_white_noise_19", "Case_R_(+40)_layout_01_white_noise_2", "Case_R_(+40)_layout_01_white_noise_20", "Case_R_(+40)_layout_01_white_noise_3", "Case_R_(+40)_layout_01_white_noise_4", "Case_R_(+40)_layout_01_white_noise_5", "Case_R_(+40)_layout_01_white_noise_6", "Case_R_(+40)_layout_01_white_noise_7", "Case_R_(+40)_layout_01_white_noise_8", "Case_R_(+40)_layout_01_white_noise_9", "Case_R_(+40)_layout_02_white_noise_1", "Case_R_(+40)_layout_02_white_noise_10", "Case_R_(+40)_layout_02_white_noise_11", "Case_R_(+40)_layout_02_white_noise_12", "Case_R_(+40)_layout_02_white_noise_13", "Case_R_(+40)_layout_02_white_noise_14", "Case_R_(+40)_layout_02_white_noise_15", "Case_R_(+40)_layout_02_white_noise_16", "Case_R_(+40)_layout_02_white_noise_17", "Case_R_(+40)_layout_02_white_noise_18", "Case_R_(+40)_layout_02_white_noise_19", "Case_R_(+40)_layout_02_white_noise_2", "Case_R_(+40)_layout_02_white_noise_20", "Case_R_(+40)_layout_02_white_noise_3", "Case_R_(+40)_layout_02_white_noise_4", "Case_R_(+40)_layout_02_white_noise_5", "Case_R_(+40)_layout_02_white_noise_6", "Case_R_(+40)_layout_02_white_noise_7", "Case_R_(+40)_layout_02_white_noise_8", "Case_R_(+40)_layout_02_white_noise_9", "Case_R_(-05)_layout_01_white_noise_1", "Case_R_(-05)_layout_01_white_noise_10", "Case_R_(-05)_layout_01_white_noise_11", "Case_R_(-05)_layout_01_white_noise_12", "Case_R_(-05)_layout_01_white_noise_13", "Case_R_(-05)_layout_01_white_noise_14", "Case_R_(-05)_layout_01_white_noise_15", "Case_R_(-05)_layout_01_white_noise_16", "Case_R_(-05)_layout_01_white_noise_17", "Case_R_(-05)_layout_01_white_noise_18", "Case_R_(-05)_layout_01_white_noise_19", "Case_R_(-05)_layout_01_white_noise_2", "Case_R_(-05)_layout_01_white_noise_20", "Case_R_(-05)_layout_01_white_noise_3", "Case_R_(-05)_layout_01_white_noise_4", "Case_R_(-05)_layout_01_white_noise_5", "Case_R_(-05)_layout_01_white_noise_6", "Case_R_(-05)_layout_01_white_noise_7", "Case_R_(-05)_layout_01_white_noise_8", "Case_R_(-05)_layout_01_white_noise_9", "Case_R_(-05)_layout_02_white_noise_1", "Case_R_(-05)_layout_02_white_noise_10", "Case_R_(-05)_layout_02_white_noise_11", "Case_R_(-05)_layout_02_white_noise_12", "Case_R_(-05)_layout_02_white_noise_13", "Case_R_(-05)_layout_02_white_noise_14", "Case_R_(-05)_layout_02_white_noise_15", "Case_R_(-05)_layout_02_white_noise_16", "Case_R_(-05)_layout_02_white_noise_17", "Case_R_(-05)_layout_02_white_noise_18", "Case_R_(-05)_layout_02_white_noise_19", "Case_R_(-05)_layout_02_white_noise_2", "Case_R_(-05)_layout_02_white_noise_20", "Case_R_(-05)_layout_02_white_noise_3", "Case_R_(-05)_layout_02_white_noise_4", "Case_R_(-05)_layout_02_white_noise_5", "Case_R_(-05)_layout_02_white_noise_6", "Case_R_(-05)_layout_02_white_noise_7", "Case_R_(-05)_layout_02_white_noise_8", "Case_R_(-05)_layout_02_white_noise_9", "Case_R_(-10)_layout_01_white_noise_1", "Case_R_(-10)_layout_01_white_noise_10", "Case_R_(-10)_layout_01_white_noise_11", "Case_R_(-10)_layout_01_white_noise_12", "Case_R_(-10)_layout_01_white_noise_13", "Case_R_(-10)_layout_01_white_noise_14", "Case_R_(-10)_layout_01_white_noise_15", "Case_R_(-10)_layout_01_white_noise_16", "Case_R_(-10)_layout_01_white_noise_17", "Case_R_(-10)_layout_01_white_noise_18", "Case_R_(-10)_layout_01_white_noise_19", "Case_R_(-10)_layout_01_white_noise_2", "Case_R_(-10)_layout_01_white_noise_20", "Case_R_(-10)_layout_01_white_noise_3", "Case_R_(-10)_layout_01_white_noise_4", "Case_R_(-10)_layout_01_white_noise_5", "Case_R_(-10)_layout_01_white_noise_6", "Case_R_(-10)_layout_01_white_noise_7", "Case_R_(-10)_layout_01_white_noise_8", "Case_R_(-10)_layout_01_white_noise_9", "Case_R_(-10)_layout_02_white_noise_1", "Case_R_(-10)_layout_02_white_noise_10", "Case_R_(-10)_layout_02_white_noise_11", "Case_R_(-10)_layout_02_white_noise_12", "Case_R_(-10)_layout_02_white_noise_13", "Case_R_(-10)_layout_02_white_noise_14", "Case_R_(-10)_layout_02_white_noise_15", "Case_R_(-10)_layout_02_white_noise_16", "Case_R_(-10)_layout_02_white_noise_17", "Case_R_(-10)_layout_02_white_noise_18", "Case_R_(-10)_layout_02_white_noise_19", "Case_R_(-10)_layout_02_white_noise_2", "Case_R_(-10)_layout_02_white_noise_20", "Case_R_(-10)_layout_02_white_noise_3", "Case_R_(-10)_layout_02_white_noise_4", "Case_R_(-10)_layout_02_white_noise_5", "Case_R_(-10)_layout_02_white_noise_6", "Case_R_(-10)_layout_02_white_noise_7", "Case_R_(-10)_layout_02_white_noise_8", "Case_R_(-10)_layout_02_white_noise_9", "Case_R_(-15)_layout_01_white_noise_1", "Case_R_(-15)_layout_01_white_noise_10", "Case_R_(-15)_layout_01_white_noise_11", "Case_R_(-15)_layout_01_white_noise_12", "Case_R_(-15)_layout_01_white_noise_13", "Case_R_(-15)_layout_01_white_noise_14", "Case_R_(-15)_layout_01_white_noise_15", "Case_R_(-15)_layout_01_white_noise_16", "Case_R_(-15)_layout_01_white_noise_17", "Case_R_(-15)_layout_01_white_noise_18", "Case_R_(-15)_layout_01_white_noise_19", "Case_R_(-15)_layout_01_white_noise_2", "Case_R_(-15)_layout_01_white_noise_20", "Case_R_(-15)_layout_01_white_noise_3", "Case_R_(-15)_layout_01_white_noise_4", "Case_R_(-15)_layout_01_white_noise_5", "Case_R_(-15)_layout_01_white_noise_6", "Case_R_(-15)_layout_01_white_noise_7", "Case_R_(-15)_layout_01_white_noise_8", "Case_R_(-15)_layout_01_white_noise_9", "Case_R_(-15)_layout_02_white_noise_1", "Case_R_(-15)_layout_02_white_noise_10", "Case_R_(-15)_layout_02_white_noise_11", "Case_R_(-15)_layout_02_white_noise_12", "Case_R_(-15)_layout_02_white_noise_13", "Case_R_(-15)_layout_02_white_noise_14", "Case_R_(-15)_layout_02_white_noise_15", "Case_R_(-15)_layout_02_white_noise_16", "Case_R_(-15)_layout_02_white_noise_17", "Case_R_(-15)_layout_02_white_noise_18", "Case_R_(-15)_layout_02_white_noise_19", "Case_R_(-15)_layout_02_white_noise_2", "Case_R_(-15)_layout_02_white_noise_20", "Case_R_(-15)_layout_02_white_noise_3", "Case_R_(-15)_layout_02_white_noise_4", "Case_R_(-15)_layout_02_white_noise_5", "Case_R_(-15)_layout_02_white_noise_6", "Case_R_(-15)_layout_02_white_noise_7", "Case_R_(-15)_layout_02_white_noise_8", "Case_R_(-15)_layout_02_white_noise_9"], "part": "complex"}